persoonsgebonden_nummer;instroomjaar;uitval_na;diploma_na;gewisseld;vooropleiding;eerder_in_ho;start_sector
100000006;2012;;6;FALSE;buitenlands;FALSE;techniek
100000011;2012;1;;FALSE;havo;FALSE;techniek
100000012;2012;;6;FALSE;havo;TRUE;techniek
100000013;2012;;6;FALSE;havo;FALSE;techniek
100000014;2012;;4;FALSE;havo;FALSE;techniek
100000016;2012;;6;FALSE;havo;FALSE;techniek
100000017;2012;;4;FALSE;mbo;FALSE;techniek
100000018;2012;;4;FALSE;havo;FALSE;techniek
100000019;2012;1;;FALSE;havo;FALSE;techniek
100000020;2012;;4;FALSE;vwo;FALSE;techniek
100000021;2012;1;;FALSE;vwo;FALSE;techniek
100000023;2012;;6;FALSE;havo;FALSE;techniek
100000026;2012;;5;FALSE;havo;FALSE;techniek
100000029;2012;1;;FALSE;buitenlands;FALSE;techniek
100000031;2012;;4;FALSE;mbo;FALSE;techniek
100000032;2012;;4;FALSE;havo;FALSE;techniek
100000033;2012;;4;FALSE;havo;FALSE;techniek
100000035;2012;;5;FALSE;mbo;FALSE;techniek
100000036;2012;;5;FALSE;mbo;FALSE;techniek
100000038;2012;1;;FALSE;havo;FALSE;techniek
100000041;2012;3;;FALSE;mbo;FALSE;techniek
100000044;2012;;5;FALSE;havo;FALSE;techniek
100000049;2012;;4;FALSE;havo;TRUE;techniek
100000051;2012;;4;FALSE;havo;FALSE;techniek
100000053;2012;;4;FALSE;mbo;FALSE;techniek
100000054;2012;3;;FALSE;havo;FALSE;techniek
100000055;2012;3;;FALSE;mbo;FALSE;techniek
100000061;2012;1;;FALSE;havo;FALSE;techniek
100000063;2012;1;;FALSE;havo;FALSE;techniek
100000064;2012;;4;FALSE;havo;FALSE;techniek
100000066;2012;1;;FALSE;mbo;FALSE;techniek
100000067;2012;1;;FALSE;mbo;FALSE;techniek
100000068;2012;;4;FALSE;mbo;FALSE;techniek
100000069;2012;1;;FALSE;havo;FALSE;techniek
100000070;2012;;4;FALSE;havo;FALSE;techniek
100000076;2012;;6;FALSE;havo;TRUE;techniek
100000080;2012;3;;FALSE;havo;FALSE;techniek
100000081;2012;1;;FALSE;vwo;FALSE;techniek
100000082;2012;;5;FALSE;havo;TRUE;techniek
100000083;2012;;4;FALSE;havo;TRUE;techniek
100000084;2012;3;;FALSE;havo;FALSE;techniek
100000085;2012;;5;FALSE;mbo;FALSE;techniek
100000087;2012;1;;FALSE;mbo;TRUE;techniek
100000088;2012;;5;FALSE;onbekend;TRUE;techniek
100000089;2012;;6;FALSE;havo;FALSE;techniek
100000090;2012;3;;FALSE;onbekend;TRUE;techniek
100000091;2012;;4;FALSE;havo;TRUE;techniek
100000094;2012;;6;FALSE;buitenlands;TRUE;techniek
100000095;2012;;4;FALSE;vwo;FALSE;techniek
100000096;2012;2;;FALSE;vwo;FALSE;techniek
100000099;2012;;4;FALSE;havo;FALSE;techniek
100000102;2012;;5;FALSE;havo;FALSE;techniek
100000103;2012;;4;FALSE;mbo;FALSE;techniek
100000104;2012;;4;FALSE;onbekend;FALSE;techniek
100000108;2012;;5;FALSE;onbekend;FALSE;techniek
100000110;2012;1;;FALSE;mbo;FALSE;techniek
100000111;2012;;6;FALSE;vwo;FALSE;techniek
100000112;2012;1;;FALSE;onbekend;FALSE;techniek
100000114;2012;;5;FALSE;vwo;FALSE;techniek
100000115;2012;;5;FALSE;mbo;FALSE;techniek
100000116;2012;2;;FALSE;mbo;FALSE;techniek
100000120;2012;3;;FALSE;havo;FALSE;techniek
100000121;2012;1;;FALSE;havo;FALSE;techniek
100000122;2012;2;;FALSE;mbo;FALSE;techniek
100000123;2012;;4;FALSE;vwo;FALSE;techniek
100000124;2012;1;;FALSE;mbo;FALSE;techniek
100000125;2012;;5;TRUE;havo;FALSE;techniek
100000128;2012;;6;FALSE;vwo;FALSE;techniek
100000129;2012;;4;FALSE;buitenlands;FALSE;techniek
100000132;2012;;6;FALSE;havo;FALSE;techniek
100000138;2012;;5;FALSE;mbo;FALSE;techniek
100000139;2012;;5;FALSE;havo;FALSE;techniek
100000142;2012;;5;FALSE;mbo;FALSE;techniek
100000145;2012;2;;FALSE;havo;FALSE;techniek
100000146;2012;;5;FALSE;havo;FALSE;techniek
100000149;2012;;4;FALSE;mbo;FALSE;techniek
100000150;2012;2;;FALSE;havo;FALSE;techniek
100000151;2012;;6;FALSE;mbo;FALSE;techniek
100000153;2012;3;;FALSE;mbo;FALSE;techniek
100000156;2012;;6;FALSE;havo;TRUE;techniek
100000159;2012;;4;FALSE;havo;FALSE;techniek
100000160;2012;;5;FALSE;onbekend;TRUE;techniek
100000162;2012;2;;FALSE;mbo;FALSE;techniek
100000163;2012;;4;FALSE;mbo;FALSE;techniek
100000165;2012;3;;FALSE;havo;FALSE;techniek
100000166;2012;;6;FALSE;havo;FALSE;techniek
100000167;2012;1;;FALSE;havo;FALSE;techniek
100000168;2012;1;;FALSE;vwo;TRUE;techniek
100000173;2012;1;;FALSE;havo;FALSE;techniek
100000175;2012;;7;TRUE;havo;FALSE;techniek
100000176;2012;;4;FALSE;mbo;FALSE;techniek
100000178;2012;;5;FALSE;mbo;FALSE;techniek
100000179;2012;1;;FALSE;havo;FALSE;techniek
100000181;2012;;5;FALSE;mbo;FALSE;techniek
100000184;2012;;5;FALSE;buitenlands;FALSE;techniek
100000191;2012;;5;FALSE;vwo;FALSE;techniek
100000194;2012;;5;FALSE;buitenlands;TRUE;techniek
100000198;2012;;4;FALSE;mbo;FALSE;techniek
100000200;2012;;4;FALSE;mbo;FALSE;techniek
100000202;2012;2;;FALSE;havo;TRUE;techniek
100000203;2012;;4;FALSE;mbo;FALSE;techniek
100000204;2012;1;;FALSE;havo;FALSE;techniek
100000208;2012;1;;FALSE;havo;FALSE;techniek
100000210;2012;;5;FALSE;buitenlands;FALSE;techniek
100000211;2012;;7;TRUE;mbo;FALSE;techniek
100000212;2012;;4;FALSE;havo;FALSE;techniek
100000213;2012;;6;FALSE;havo;FALSE;techniek
100000216;2012;;4;FALSE;onbekend;FALSE;techniek
100000217;2012;;4;FALSE;havo;FALSE;techniek
100000218;2012;;4;FALSE;havo;FALSE;techniek
100000219;2012;;6;FALSE;havo;FALSE;techniek
100000223;2012;;5;FALSE;mbo;FALSE;techniek
100000225;2012;;5;FALSE;havo;FALSE;techniek
100000226;2012;;4;FALSE;mbo;FALSE;techniek
100000227;2012;1;;FALSE;mbo;FALSE;techniek
100000231;2012;2;;FALSE;vwo;FALSE;techniek
100000232;2012;1;;FALSE;mbo;FALSE;techniek
100000233;2012;;6;FALSE;mbo;FALSE;techniek
100000234;2012;;6;FALSE;mbo;FALSE;techniek
100000242;2012;;5;FALSE;mbo;TRUE;techniek
100000244;2012;;4;FALSE;vwo;FALSE;techniek
100000246;2012;;5;FALSE;mbo;FALSE;techniek
100000247;2012;;5;FALSE;havo;TRUE;techniek
100000249;2012;;4;FALSE;buitenlands;FALSE;techniek
100000252;2013;3;;FALSE;havo;FALSE;techniek
100000254;2013;1;;FALSE;vwo;FALSE;techniek
100000255;2013;;6;FALSE;vwo;FALSE;techniek
100000256;2013;;4;FALSE;havo;FALSE;techniek
100000258;2013;1;;FALSE;havo;FALSE;techniek
100000260;2013;;4;FALSE;onbekend;TRUE;techniek
100000261;2013;;4;FALSE;havo;FALSE;techniek
100000263;2013;1;;FALSE;mbo;FALSE;techniek
100000264;2013;1;;FALSE;havo;FALSE;techniek
100000265;2013;;5;FALSE;mbo;FALSE;techniek
100000266;2013;1;;FALSE;onbekend;FALSE;techniek
100000271;2013;;4;FALSE;mbo;FALSE;techniek
100000272;2013;;4;FALSE;mbo;FALSE;techniek
100000273;2013;;4;FALSE;mbo;FALSE;techniek
100000274;2013;;4;FALSE;mbo;FALSE;techniek
100000275;2013;1;;FALSE;havo;FALSE;techniek
100000276;2013;;4;FALSE;havo;FALSE;techniek
100000277;2013;;6;FALSE;havo;FALSE;techniek
100000286;2013;;4;FALSE;havo;FALSE;techniek
100000289;2013;;4;FALSE;mbo;FALSE;techniek
100000291;2013;;5;FALSE;havo;FALSE;techniek
100000294;2013;1;;FALSE;mbo;FALSE;techniek
100000296;2013;;4;FALSE;mbo;FALSE;techniek
100000297;2013;;6;FALSE;havo;FALSE;techniek
100000298;2013;3;;FALSE;mbo;FALSE;techniek
100000299;2013;;6;TRUE;mbo;FALSE;techniek
100000300;2013;1;;FALSE;havo;FALSE;techniek
100000303;2013;;4;FALSE;mbo;FALSE;techniek
100000304;2013;;4;FALSE;mbo;FALSE;techniek
100000305;2013;;6;FALSE;vwo;FALSE;techniek
100000306;2013;;4;FALSE;havo;FALSE;techniek
100000307;2013;;5;FALSE;mbo;FALSE;techniek
100000311;2013;;5;FALSE;havo;FALSE;techniek
100000313;2013;;5;FALSE;mbo;FALSE;techniek
100000314;2013;;4;FALSE;mbo;FALSE;techniek
100000315;2013;;6;FALSE;vwo;FALSE;techniek
100000318;2013;1;;FALSE;havo;FALSE;techniek
100000321;2013;;4;FALSE;havo;FALSE;techniek
100000322;2013;1;;FALSE;mbo;TRUE;techniek
100000323;2013;3;;FALSE;buitenlands;FALSE;techniek
100000325;2013;;4;FALSE;onbekend;FALSE;techniek
100000326;2013;1;;FALSE;havo;FALSE;techniek
100000327;2013;;4;FALSE;mbo;FALSE;techniek
100000328;2013;;6;FALSE;mbo;FALSE;techniek
100000329;2013;1;;FALSE;mbo;FALSE;techniek
100000330;2013;1;;FALSE;havo;FALSE;techniek
100000332;2013;1;;FALSE;mbo;FALSE;techniek
100000333;2013;1;;FALSE;havo;FALSE;techniek
100000336;2013;;4;FALSE;buitenlands;FALSE;techniek
100000339;2013;;5;FALSE;havo;FALSE;techniek
100000340;2013;;6;FALSE;havo;FALSE;techniek
100000343;2013;;5;FALSE;havo;FALSE;techniek
100000344;2013;;4;FALSE;mbo;FALSE;techniek
100000345;2013;;5;FALSE;onbekend;FALSE;techniek
100000346;2013;;6;FALSE;havo;FALSE;techniek
100000347;2013;;4;FALSE;vwo;FALSE;techniek
100000348;2013;;6;FALSE;havo;FALSE;techniek
100000349;2013;1;;FALSE;havo;TRUE;techniek
100000351;2013;;4;FALSE;onbekend;FALSE;techniek
100000352;2013;;4;FALSE;havo;FALSE;techniek
100000354;2013;;4;FALSE;havo;FALSE;techniek
100000356;2013;1;;FALSE;mbo;FALSE;techniek
100000362;2013;1;;FALSE;havo;FALSE;techniek
100000363;2013;;4;FALSE;havo;FALSE;techniek
100000365;2013;;6;FALSE;mbo;TRUE;techniek
100000366;2013;1;;FALSE;mbo;FALSE;techniek
100000367;2013;3;;FALSE;havo;FALSE;techniek
100000369;2013;;6;FALSE;mbo;FALSE;techniek
100000370;2013;;6;FALSE;havo;TRUE;techniek
100000372;2013;2;;FALSE;mbo;FALSE;techniek
100000375;2013;;4;FALSE;mbo;FALSE;techniek
100000377;2013;3;;FALSE;mbo;FALSE;techniek
100000379;2013;;4;FALSE;havo;TRUE;techniek
100000382;2013;;4;FALSE;havo;FALSE;techniek
100000384;2013;;4;FALSE;havo;FALSE;techniek
100000386;2013;;6;FALSE;mbo;FALSE;techniek
100000387;2013;;4;FALSE;mbo;TRUE;techniek
100000389;2013;;5;FALSE;havo;FALSE;techniek
100000390;2013;1;;FALSE;mbo;FALSE;techniek
100000394;2013;;4;FALSE;havo;FALSE;techniek
100000397;2013;;5;FALSE;havo;FALSE;techniek
100000399;2013;;4;FALSE;havo;TRUE;techniek
100000400;2013;2;;FALSE;vwo;FALSE;techniek
100000406;2013;;4;FALSE;havo;FALSE;techniek
100000407;2013;;4;FALSE;mbo;FALSE;techniek
100000410;2013;1;;FALSE;havo;FALSE;techniek
100000418;2013;;4;FALSE;mbo;FALSE;techniek
100000419;2013;1;;FALSE;vwo;FALSE;techniek
100000422;2013;;4;FALSE;havo;FALSE;techniek
100000424;2013;;4;FALSE;mbo;FALSE;techniek
100000425;2013;1;;FALSE;vwo;TRUE;techniek
100000426;2013;;5;FALSE;vwo;FALSE;techniek
100000428;2013;;6;FALSE;havo;FALSE;techniek
100000430;2013;;5;FALSE;havo;FALSE;techniek
100000438;2013;2;;FALSE;mbo;FALSE;techniek
100000440;2013;1;;FALSE;havo;FALSE;techniek
100000441;2013;;6;FALSE;mbo;FALSE;techniek
100000443;2013;;4;FALSE;havo;FALSE;techniek
100000444;2013;;4;FALSE;havo;FALSE;techniek
100000446;2013;;5;FALSE;havo;FALSE;techniek
100000447;2013;;4;FALSE;mbo;TRUE;techniek
100000448;2013;;4;FALSE;mbo;FALSE;techniek
100000452;2013;1;;FALSE;mbo;FALSE;techniek
100000459;2013;2;;FALSE;onbekend;FALSE;techniek
100000460;2013;;4;FALSE;havo;FALSE;techniek
100000461;2013;;5;TRUE;buitenlands;FALSE;techniek
100000464;2013;;4;FALSE;havo;FALSE;techniek
100000466;2013;1;;FALSE;havo;FALSE;techniek
100000470;2013;;4;FALSE;havo;FALSE;techniek
100000473;2013;;5;TRUE;mbo;FALSE;techniek
100000474;2013;;5;FALSE;vwo;FALSE;techniek
100000477;2013;1;;FALSE;havo;FALSE;techniek
100000479;2013;;4;FALSE;onbekend;TRUE;techniek
100000480;2013;3;;FALSE;havo;FALSE;techniek
100000481;2013;;4;FALSE;mbo;FALSE;techniek
100000482;2013;1;;FALSE;havo;FALSE;techniek
100000485;2013;;6;FALSE;havo;FALSE;techniek
100000486;2013;;6;FALSE;havo;FALSE;techniek
100000487;2013;;6;FALSE;mbo;FALSE;techniek
100000492;2013;;5;FALSE;mbo;FALSE;techniek
100000494;2013;;4;FALSE;havo;FALSE;techniek
100000496;2013;;5;FALSE;mbo;FALSE;techniek
100000498;2013;;6;FALSE;havo;FALSE;techniek
100000500;2013;;4;FALSE;mbo;FALSE;techniek
100000504;2014;2;;FALSE;mbo;FALSE;techniek
100000506;2014;;4;FALSE;havo;FALSE;techniek
100000507;2014;;6;FALSE;havo;FALSE;techniek
100000511;2014;2;;FALSE;mbo;FALSE;techniek
100000514;2014;;4;FALSE;havo;TRUE;techniek
100000516;2014;;4;FALSE;mbo;FALSE;techniek
100000517;2014;;5;FALSE;buitenlands;TRUE;techniek
100000518;2014;1;;FALSE;vwo;FALSE;techniek
100000519;2014;;6;FALSE;buitenlands;FALSE;techniek
100000520;2014;;5;FALSE;vwo;FALSE;techniek
100000522;2014;3;;FALSE;mbo;FALSE;techniek
100000526;2014;1;;FALSE;mbo;FALSE;techniek
100000527;2014;1;;FALSE;mbo;FALSE;techniek
100000528;2014;2;;FALSE;vwo;FALSE;techniek
100000530;2014;;4;FALSE;mbo;FALSE;techniek
100000533;2014;1;;FALSE;havo;FALSE;techniek
100000535;2014;;5;FALSE;vwo;TRUE;techniek
100000537;2014;;4;FALSE;havo;FALSE;techniek
100000538;2014;;4;FALSE;vwo;FALSE;techniek
100000541;2014;2;;FALSE;mbo;FALSE;techniek
100000542;2014;1;;FALSE;mbo;FALSE;techniek
100000543;2014;;5;FALSE;havo;TRUE;techniek
100000545;2014;;4;FALSE;havo;FALSE;techniek
100000546;2014;;4;FALSE;havo;FALSE;techniek
100000548;2014;1;;FALSE;mbo;TRUE;techniek
100000551;2014;;5;FALSE;mbo;FALSE;techniek
100000556;2014;;5;FALSE;havo;FALSE;techniek
100000559;2014;3;;FALSE;buitenlands;TRUE;techniek
100000561;2014;;6;FALSE;havo;FALSE;techniek
100000564;2014;1;;FALSE;havo;FALSE;techniek
100000569;2014;;6;FALSE;mbo;FALSE;techniek
100000570;2014;;6;FALSE;onbekend;FALSE;techniek
100000572;2014;;5;FALSE;mbo;FALSE;techniek
100000573;2014;1;;FALSE;havo;FALSE;techniek
100000575;2014;;5;FALSE;havo;FALSE;techniek
100000577;2014;;6;FALSE;vwo;FALSE;techniek
100000578;2014;;4;FALSE;havo;FALSE;techniek
100000579;2014;1;;FALSE;havo;FALSE;techniek
100000580;2014;;4;FALSE;vwo;FALSE;techniek
100000581;2014;1;;FALSE;mbo;FALSE;techniek
100000583;2014;;5;FALSE;buitenlands;FALSE;techniek
100000584;2014;;4;FALSE;buitenlands;FALSE;techniek
100000585;2014;;6;FALSE;vwo;FALSE;techniek
100000586;2014;;4;FALSE;havo;FALSE;techniek
100000588;2014;;4;FALSE;havo;FALSE;techniek
100000590;2014;;4;FALSE;mbo;FALSE;techniek
100000591;2014;;4;FALSE;havo;TRUE;techniek
100000592;2014;;5;FALSE;havo;FALSE;techniek
100000594;2014;;4;FALSE;onbekend;FALSE;techniek
100000595;2014;;4;FALSE;mbo;FALSE;techniek
100000596;2014;;7;TRUE;mbo;FALSE;techniek
100000599;2014;;5;FALSE;havo;TRUE;techniek
100000603;2014;2;;FALSE;buitenlands;TRUE;techniek
100000607;2014;;4;FALSE;buitenlands;FALSE;techniek
100000608;2014;;4;FALSE;havo;FALSE;techniek
100000611;2014;;4;FALSE;havo;FALSE;techniek
100000612;2014;;4;FALSE;havo;FALSE;techniek
100000614;2014;1;;FALSE;mbo;FALSE;techniek
100000619;2014;;4;FALSE;havo;FALSE;techniek
100000623;2014;;5;FALSE;mbo;FALSE;techniek
100000624;2014;;5;FALSE;buitenlands;FALSE;techniek
100000626;2014;;4;FALSE;havo;FALSE;techniek
100000627;2014;2;;FALSE;havo;FALSE;techniek
100000628;2014;;4;FALSE;buitenlands;FALSE;techniek
100000634;2014;1;;FALSE;havo;FALSE;techniek
100000635;2014;;5;FALSE;havo;FALSE;techniek
100000636;2014;;6;FALSE;havo;FALSE;techniek
100000638;2014;1;;FALSE;mbo;TRUE;techniek
100000642;2014;;5;FALSE;vwo;FALSE;techniek
100000644;2014;;5;FALSE;havo;FALSE;techniek
100000645;2014;1;;FALSE;havo;FALSE;techniek
100000646;2014;;5;FALSE;havo;FALSE;techniek
100000647;2014;;5;FALSE;mbo;FALSE;techniek
100000649;2014;;5;FALSE;buitenlands;FALSE;techniek
100000651;2014;1;;FALSE;havo;TRUE;techniek
100000652;2014;;6;FALSE;mbo;FALSE;techniek
100000653;2014;;5;FALSE;havo;FALSE;techniek
100000654;2014;;4;FALSE;mbo;FALSE;techniek
100000657;2014;;4;FALSE;buitenlands;FALSE;techniek
100000658;2014;;4;FALSE;mbo;FALSE;techniek
100000659;2014;;6;FALSE;havo;FALSE;techniek
100000660;2014;1;;FALSE;mbo;FALSE;techniek
100000662;2014;;4;FALSE;havo;FALSE;techniek
100000664;2014;;4;FALSE;mbo;FALSE;techniek
100000665;2014;1;;FALSE;havo;FALSE;techniek
100000666;2014;1;;FALSE;mbo;FALSE;techniek
100000669;2014;;4;FALSE;onbekend;FALSE;techniek
100000671;2014;;4;FALSE;havo;FALSE;techniek
100000672;2014;;4;FALSE;havo;TRUE;techniek
100000673;2014;1;;FALSE;havo;FALSE;techniek
100000675;2014;1;;FALSE;havo;FALSE;techniek
100000676;2014;;4;FALSE;vwo;FALSE;techniek
100000677;2014;;5;FALSE;havo;FALSE;techniek
100000678;2014;;6;FALSE;havo;FALSE;techniek
100000681;2014;1;;FALSE;onbekend;FALSE;techniek
100000682;2014;;5;FALSE;mbo;FALSE;techniek
100000683;2014;;4;FALSE;havo;TRUE;techniek
100000684;2014;;6;FALSE;mbo;FALSE;techniek
100000686;2014;1;;FALSE;havo;FALSE;techniek
100000687;2014;3;;FALSE;havo;FALSE;techniek
100000690;2014;;4;FALSE;havo;FALSE;techniek
100000691;2014;2;;FALSE;vwo;FALSE;techniek
100000693;2014;1;;FALSE;vwo;FALSE;techniek
100000694;2014;;4;FALSE;havo;TRUE;techniek
100000695;2014;3;;FALSE;mbo;FALSE;techniek
100000699;2014;;4;FALSE;havo;FALSE;techniek
100000700;2014;;4;FALSE;havo;FALSE;techniek
100000701;2014;;5;FALSE;mbo;FALSE;techniek
100000702;2014;3;;FALSE;mbo;FALSE;techniek
100000705;2014;;4;FALSE;havo;FALSE;techniek
100000707;2014;;5;FALSE;havo;FALSE;techniek
100000708;2014;1;;FALSE;mbo;FALSE;techniek
100000711;2014;;6;FALSE;mbo;FALSE;techniek
100000712;2014;;5;FALSE;havo;FALSE;techniek
100000716;2014;1;;FALSE;havo;FALSE;techniek
100000721;2014;1;;FALSE;havo;FALSE;techniek
100000723;2014;;5;FALSE;vwo;TRUE;techniek
100000724;2014;1;;FALSE;vwo;FALSE;techniek
100000725;2014;;6;TRUE;havo;FALSE;techniek
100000727;2014;;4;FALSE;mbo;FALSE;techniek
100000728;2014;;5;FALSE;onbekend;FALSE;techniek
100000729;2014;1;;FALSE;mbo;FALSE;techniek
100000730;2014;;5;FALSE;havo;FALSE;techniek
100000733;2014;;4;FALSE;havo;FALSE;techniek
100000735;2014;;6;FALSE;havo;FALSE;techniek
100000741;2014;;5;FALSE;onbekend;FALSE;techniek
100000743;2014;;6;FALSE;havo;FALSE;techniek
100000744;2014;1;;FALSE;havo;FALSE;techniek
100000747;2014;1;;FALSE;mbo;TRUE;techniek
100000752;2015;;6;FALSE;mbo;FALSE;techniek
100000754;2015;;4;FALSE;onbekend;FALSE;techniek
100000757;2015;;4;FALSE;mbo;FALSE;techniek
100000762;2015;;4;FALSE;havo;FALSE;techniek
100000763;2015;;6;FALSE;mbo;FALSE;techniek
100000764;2015;;5;FALSE;havo;FALSE;techniek
100000766;2015;;5;FALSE;havo;FALSE;techniek
100000769;2015;;5;FALSE;mbo;TRUE;techniek
100000770;2015;;4;FALSE;mbo;FALSE;techniek
100000771;2015;;4;FALSE;mbo;FALSE;techniek
100000774;2015;;5;FALSE;havo;FALSE;techniek
100000775;2015;;4;FALSE;havo;FALSE;techniek
100000777;2015;;4;FALSE;mbo;FALSE;techniek
100000778;2015;;6;FALSE;mbo;FALSE;techniek
100000779;2015;;4;FALSE;mbo;TRUE;techniek
100000780;2015;;6;FALSE;mbo;FALSE;techniek
100000781;2015;;4;FALSE;havo;FALSE;techniek
100000783;2015;;4;FALSE;mbo;FALSE;techniek
100000785;2015;;6;FALSE;mbo;FALSE;techniek
100000789;2015;;6;FALSE;mbo;FALSE;techniek
100000790;2015;;6;FALSE;onbekend;FALSE;techniek
100000791;2015;;5;FALSE;mbo;FALSE;techniek
100000795;2015;1;;FALSE;onbekend;FALSE;techniek
100000799;2015;;4;FALSE;havo;FALSE;techniek
100000800;2015;1;;FALSE;mbo;FALSE;techniek
100000802;2015;;6;FALSE;buitenlands;FALSE;techniek
100000803;2015;1;;FALSE;vwo;FALSE;techniek
100000806;2015;;4;FALSE;havo;TRUE;techniek
100000808;2015;1;;FALSE;mbo;FALSE;techniek
100000810;2015;;5;FALSE;onbekend;FALSE;techniek
100000813;2015;;4;FALSE;mbo;FALSE;techniek
100000815;2015;1;;FALSE;havo;TRUE;techniek
100000817;2015;1;;FALSE;mbo;FALSE;techniek
100000822;2015;2;;FALSE;havo;TRUE;techniek
100000827;2015;;6;TRUE;onbekend;FALSE;techniek
100000830;2015;;4;FALSE;havo;FALSE;techniek
100000836;2015;1;;FALSE;vwo;FALSE;techniek
100000838;2015;;4;FALSE;vwo;FALSE;techniek
100000839;2015;;4;FALSE;havo;FALSE;techniek
100000840;2015;;5;FALSE;mbo;TRUE;techniek
100000841;2015;1;;FALSE;havo;FALSE;techniek
100000842;2015;3;;FALSE;onbekend;FALSE;techniek
100000844;2015;;4;FALSE;havo;FALSE;techniek
100000845;2015;;4;FALSE;havo;FALSE;techniek
100000846;2015;2;;FALSE;mbo;FALSE;techniek
100000847;2015;;5;FALSE;mbo;FALSE;techniek
100000850;2015;;4;FALSE;mbo;FALSE;techniek
100000853;2015;;6;FALSE;mbo;FALSE;techniek
100000854;2015;;4;FALSE;havo;FALSE;techniek
100000856;2015;1;;FALSE;mbo;TRUE;techniek
100000858;2015;;4;FALSE;havo;FALSE;techniek
100000859;2015;;6;FALSE;havo;FALSE;techniek
100000860;2015;;5;FALSE;vwo;FALSE;techniek
100000861;2015;;5;TRUE;onbekend;FALSE;techniek
100000862;2015;1;;FALSE;havo;FALSE;techniek
100000867;2015;1;;FALSE;havo;FALSE;techniek
100000869;2015;;6;FALSE;buitenlands;FALSE;techniek
100000871;2015;;4;FALSE;vwo;FALSE;techniek
100000873;2015;1;;FALSE;havo;FALSE;techniek
100000876;2015;1;;FALSE;mbo;FALSE;techniek
100000877;2015;;4;FALSE;havo;FALSE;techniek
100000878;2015;;5;FALSE;onbekend;FALSE;techniek
100000881;2015;2;;FALSE;mbo;TRUE;techniek
100000882;2015;;5;FALSE;havo;FALSE;techniek
100000890;2015;;4;FALSE;buitenlands;FALSE;techniek
100000891;2015;;4;FALSE;mbo;FALSE;techniek
100000892;2015;;6;FALSE;mbo;FALSE;techniek
100000893;2015;;7;TRUE;mbo;FALSE;techniek
100000895;2015;;5;FALSE;havo;TRUE;techniek
100000897;2015;1;;FALSE;havo;FALSE;techniek
100000899;2015;;4;FALSE;onbekend;TRUE;techniek
100000901;2015;1;;FALSE;mbo;FALSE;techniek
100000905;2015;1;;FALSE;mbo;FALSE;techniek
100000906;2015;;5;FALSE;havo;FALSE;techniek
100000907;2015;;4;FALSE;mbo;TRUE;techniek
100000909;2015;;5;FALSE;havo;FALSE;techniek
100000910;2015;;4;FALSE;havo;FALSE;techniek
100000917;2015;1;;FALSE;vwo;FALSE;techniek
100000921;2015;;5;FALSE;mbo;FALSE;techniek
100000928;2015;;6;FALSE;havo;FALSE;techniek
100000930;2015;1;;FALSE;havo;TRUE;techniek
100000931;2015;2;;FALSE;mbo;FALSE;techniek
100000932;2015;;5;FALSE;havo;TRUE;techniek
100000934;2015;1;;FALSE;havo;TRUE;techniek
100000935;2015;1;;FALSE;onbekend;TRUE;techniek
100000937;2015;;4;FALSE;havo;FALSE;techniek
100000939;2015;1;;FALSE;havo;TRUE;techniek
100000940;2015;1;;FALSE;mbo;FALSE;techniek
100000945;2015;;4;FALSE;onbekend;FALSE;techniek
100000946;2015;1;;FALSE;havo;FALSE;techniek
100000948;2015;;4;FALSE;havo;FALSE;techniek
100000949;2015;;5;FALSE;havo;FALSE;techniek
100000951;2015;3;;FALSE;mbo;FALSE;techniek
100000952;2015;;4;FALSE;mbo;FALSE;techniek
100000953;2015;;4;FALSE;havo;FALSE;techniek
100000954;2015;;4;FALSE;havo;FALSE;techniek
100000955;2015;;4;FALSE;havo;FALSE;techniek
100000957;2015;;4;FALSE;havo;TRUE;techniek
100000958;2015;;4;FALSE;onbekend;TRUE;techniek
100000961;2015;;4;FALSE;havo;FALSE;techniek
100000963;2015;;4;FALSE;havo;FALSE;techniek
100000965;2015;1;;FALSE;mbo;FALSE;techniek
100000967;2015;;6;FALSE;havo;FALSE;techniek
100000968;2015;1;;FALSE;havo;FALSE;techniek
100000969;2015;;5;FALSE;mbo;FALSE;techniek
100000973;2015;;5;FALSE;havo;FALSE;techniek
100000974;2015;;4;FALSE;onbekend;FALSE;techniek
100000976;2015;;4;FALSE;havo;FALSE;techniek
100000979;2015;1;;FALSE;havo;FALSE;techniek
100000980;2015;3;;FALSE;vwo;FALSE;techniek
100000983;2015;;5;FALSE;vwo;FALSE;techniek
100000984;2015;;4;FALSE;mbo;TRUE;techniek
100000985;2015;;4;FALSE;vwo;FALSE;techniek
100000988;2015;1;;FALSE;vwo;FALSE;techniek
100000989;2015;1;;FALSE;mbo;TRUE;techniek
100000991;2015;;5;FALSE;mbo;FALSE;techniek
100000993;2015;;4;FALSE;mbo;FALSE;techniek
100000994;2015;1;;FALSE;mbo;FALSE;techniek
100000996;2015;1;;FALSE;buitenlands;TRUE;techniek
100000997;2015;;4;FALSE;havo;FALSE;techniek
100001000;2015;;6;FALSE;vwo;TRUE;techniek
100001001;2016;;5;FALSE;mbo;FALSE;techniek
100001004;2016;;5;FALSE;vwo;FALSE;techniek
100001008;2016;;4;FALSE;havo;FALSE;techniek
100001010;2016;;6;FALSE;mbo;FALSE;techniek
100001015;2016;;4;FALSE;mbo;FALSE;techniek
100001016;2016;;4;FALSE;mbo;FALSE;techniek
100001020;2016;;5;FALSE;havo;FALSE;techniek
100001021;2016;;5;FALSE;mbo;FALSE;techniek
100001024;2016;;4;FALSE;mbo;FALSE;techniek
100001028;2016;;5;FALSE;havo;FALSE;techniek
100001029;2016;;4;FALSE;mbo;FALSE;techniek
100001030;2016;;4;FALSE;vwo;FALSE;techniek
100001031;2016;;4;FALSE;buitenlands;FALSE;techniek
100001034;2016;;5;FALSE;vwo;FALSE;techniek
100001036;2016;;4;FALSE;havo;FALSE;techniek
100001037;2016;1;;FALSE;havo;FALSE;techniek
100001038;2016;;4;FALSE;mbo;FALSE;techniek
100001040;2016;1;;FALSE;vwo;FALSE;techniek
100001041;2016;1;;FALSE;havo;FALSE;techniek
100001043;2016;3;;FALSE;mbo;FALSE;techniek
100001045;2016;;5;FALSE;havo;TRUE;techniek
100001049;2016;;5;FALSE;havo;TRUE;techniek
100001054;2016;;5;FALSE;havo;FALSE;techniek
100001058;2016;;5;FALSE;mbo;FALSE;techniek
100001061;2016;;4;FALSE;mbo;FALSE;techniek
100001063;2016;;5;FALSE;mbo;FALSE;techniek
100001064;2016;;5;FALSE;onbekend;FALSE;techniek
100001067;2016;;4;FALSE;vwo;FALSE;techniek
100001072;2016;;5;FALSE;havo;FALSE;techniek
100001074;2016;;4;FALSE;mbo;TRUE;techniek
100001077;2016;1;;FALSE;havo;FALSE;techniek
100001078;2016;3;;FALSE;havo;FALSE;techniek
100001079;2016;;4;FALSE;mbo;FALSE;techniek
100001080;2016;2;;FALSE;mbo;FALSE;techniek
100001081;2016;3;;FALSE;mbo;FALSE;techniek
100001086;2016;;4;FALSE;buitenlands;FALSE;techniek
100001088;2016;1;;FALSE;mbo;FALSE;techniek
100001090;2016;;5;TRUE;mbo;FALSE;techniek
100001095;2016;;4;FALSE;mbo;FALSE;techniek
100001096;2016;3;;FALSE;vwo;TRUE;techniek
100001097;2016;;4;FALSE;mbo;FALSE;techniek
100001098;2016;;4;FALSE;havo;FALSE;techniek
100001099;2016;;4;FALSE;havo;FALSE;techniek
100001100;2016;;5;FALSE;havo;FALSE;techniek
100001102;2016;;5;FALSE;havo;FALSE;techniek
100001103;2016;;4;FALSE;havo;FALSE;techniek
100001104;2016;;4;FALSE;havo;FALSE;techniek
100001108;2016;;6;FALSE;havo;TRUE;techniek
100001110;2016;;4;FALSE;havo;TRUE;techniek
100001112;2016;;4;FALSE;vwo;FALSE;techniek
100001115;2016;;5;FALSE;mbo;FALSE;techniek
100001118;2016;;6;FALSE;havo;FALSE;techniek
100001119;2016;1;;FALSE;onbekend;TRUE;techniek
100001121;2016;1;;FALSE;havo;FALSE;techniek
100001125;2016;3;;FALSE;havo;FALSE;techniek
100001126;2016;;4;FALSE;mbo;FALSE;techniek
100001130;2016;;5;FALSE;havo;FALSE;techniek
100001132;2016;;4;FALSE;mbo;FALSE;techniek
100001134;2016;1;;FALSE;havo;FALSE;techniek
100001135;2016;;5;FALSE;mbo;TRUE;techniek
100001136;2016;;4;FALSE;havo;FALSE;techniek
100001137;2016;;5;FALSE;havo;FALSE;techniek
100001141;2016;;4;FALSE;mbo;TRUE;techniek
100001142;2016;1;;FALSE;vwo;FALSE;techniek
100001144;2016;1;;FALSE;vwo;FALSE;techniek
100001148;2016;1;;FALSE;mbo;FALSE;techniek
100001149;2016;;4;FALSE;mbo;FALSE;techniek
100001153;2016;;7;TRUE;onbekend;FALSE;techniek
100001154;2016;1;;FALSE;vwo;TRUE;techniek
100001156;2016;;6;FALSE;havo;FALSE;techniek
100001164;2016;;5;FALSE;havo;FALSE;techniek
100001165;2016;1;;FALSE;mbo;FALSE;techniek
100001166;2016;;6;FALSE;havo;FALSE;techniek
100001167;2016;;5;FALSE;havo;FALSE;techniek
100001170;2016;;4;FALSE;mbo;FALSE;techniek
100001173;2016;;6;FALSE;mbo;FALSE;techniek
100001175;2016;;4;FALSE;mbo;TRUE;techniek
100001177;2016;;5;FALSE;buitenlands;FALSE;techniek
100001178;2016;;4;FALSE;mbo;FALSE;techniek
100001180;2016;;4;FALSE;havo;FALSE;techniek
100001182;2016;;4;FALSE;vwo;FALSE;techniek
100001183;2016;;4;FALSE;havo;FALSE;techniek
100001185;2016;;5;FALSE;mbo;FALSE;techniek
100001186;2016;;5;FALSE;havo;FALSE;techniek
100001187;2016;;4;FALSE;havo;FALSE;techniek
100001188;2016;;5;TRUE;mbo;FALSE;techniek
100001189;2016;;4;FALSE;havo;TRUE;techniek
100001191;2016;;4;FALSE;havo;FALSE;techniek
100001192;2016;;6;FALSE;havo;FALSE;techniek
100001193;2016;;5;TRUE;mbo;FALSE;techniek
100001194;2016;3;;FALSE;mbo;FALSE;techniek
100001195;2016;3;;FALSE;buitenlands;FALSE;techniek
100001196;2016;;4;FALSE;mbo;FALSE;techniek
100001199;2016;2;;FALSE;buitenlands;FALSE;techniek
100001201;2016;;5;FALSE;buitenlands;FALSE;techniek
100001202;2016;;4;FALSE;mbo;TRUE;techniek
100001203;2016;1;;FALSE;vwo;FALSE;techniek
100001204;2016;;4;FALSE;havo;FALSE;techniek
100001207;2016;1;;FALSE;havo;FALSE;techniek
100001208;2016;2;;FALSE;havo;TRUE;techniek
100001209;2016;1;;FALSE;mbo;FALSE;techniek
100001211;2016;;5;TRUE;mbo;FALSE;techniek
100001212;2016;;5;FALSE;mbo;FALSE;techniek
100001213;2016;;5;FALSE;mbo;FALSE;techniek
100001215;2016;;6;TRUE;havo;FALSE;techniek
100001222;2016;;5;FALSE;havo;FALSE;techniek
100001223;2016;;5;FALSE;havo;FALSE;techniek
100001224;2016;1;;FALSE;mbo;TRUE;techniek
100001227;2016;;6;FALSE;mbo;FALSE;techniek
100001233;2016;;4;FALSE;mbo;TRUE;techniek
100001235;2016;;4;FALSE;havo;FALSE;techniek
100001236;2016;;6;FALSE;havo;FALSE;techniek
100001238;2016;;5;FALSE;havo;TRUE;techniek
100001241;2016;;5;FALSE;havo;FALSE;techniek
100001246;2016;;5;FALSE;havo;FALSE;techniek
100001247;2016;;4;FALSE;vwo;FALSE;techniek
100001248;2016;;5;FALSE;havo;FALSE;techniek
100001250;2016;;5;FALSE;havo;FALSE;techniek
100001251;2017;;4;FALSE;onbekend;FALSE;techniek
100001252;2017;;5;FALSE;mbo;TRUE;techniek
100001253;2017;;5;TRUE;havo;FALSE;techniek
100001254;2017;;5;FALSE;mbo;TRUE;techniek
100001259;2017;;5;TRUE;mbo;FALSE;techniek
100001263;2017;2;;FALSE;havo;FALSE;techniek
100001267;2017;;4;FALSE;onbekend;FALSE;techniek
100001270;2017;;6;FALSE;mbo;TRUE;techniek
100001271;2017;1;;FALSE;havo;TRUE;techniek
100001272;2017;2;;FALSE;mbo;FALSE;techniek
100001273;2017;1;;FALSE;havo;FALSE;techniek
100001274;2017;;4;FALSE;buitenlands;FALSE;techniek
100001277;2017;;6;FALSE;mbo;FALSE;techniek
100001278;2017;1;;FALSE;mbo;FALSE;techniek
100001280;2017;1;;FALSE;havo;FALSE;techniek
100001281;2017;1;;FALSE;mbo;TRUE;techniek
100001285;2017;;5;FALSE;mbo;FALSE;techniek
100001287;2017;;4;FALSE;buitenlands;FALSE;techniek
100001289;2017;;5;FALSE;mbo;FALSE;techniek
100001292;2017;;4;FALSE;havo;FALSE;techniek
100001295;2017;;4;FALSE;havo;FALSE;techniek
100001297;2017;1;;FALSE;mbo;TRUE;techniek
100001298;2017;;4;FALSE;buitenlands;FALSE;techniek
100001299;2017;;6;FALSE;havo;FALSE;techniek
100001302;2017;;6;FALSE;mbo;FALSE;techniek
100001303;2017;1;;FALSE;mbo;FALSE;techniek
100001304;2017;1;;FALSE;havo;FALSE;techniek
100001305;2017;;5;FALSE;mbo;FALSE;techniek
100001307;2017;;4;FALSE;havo;FALSE;techniek
100001309;2017;;4;FALSE;havo;TRUE;techniek
100001311;2017;1;;FALSE;havo;FALSE;techniek
100001312;2017;1;;FALSE;havo;FALSE;techniek
100001313;2017;;4;FALSE;vwo;TRUE;techniek
100001321;2017;1;;FALSE;mbo;TRUE;techniek
100001323;2017;;4;FALSE;vwo;FALSE;techniek
100001324;2017;;5;FALSE;mbo;FALSE;techniek
100001326;2017;2;;FALSE;havo;FALSE;techniek
100001327;2017;;4;FALSE;mbo;FALSE;techniek
100001328;2017;1;;FALSE;havo;FALSE;techniek
100001330;2017;3;;FALSE;buitenlands;FALSE;techniek
100001331;2017;1;;FALSE;mbo;FALSE;techniek
100001334;2017;;6;FALSE;mbo;FALSE;techniek
100001335;2017;;5;FALSE;havo;FALSE;techniek
100001336;2017;1;;FALSE;havo;FALSE;techniek
100001339;2017;;4;FALSE;mbo;FALSE;techniek
100001340;2017;;5;FALSE;vwo;FALSE;techniek
100001341;2017;;5;FALSE;mbo;FALSE;techniek
100001343;2017;;5;FALSE;havo;TRUE;techniek
100001344;2017;;4;FALSE;havo;FALSE;techniek
100001346;2017;1;;FALSE;havo;FALSE;techniek
100001347;2017;;5;FALSE;havo;TRUE;techniek
100001348;2017;;5;FALSE;mbo;FALSE;techniek
100001350;2017;;6;FALSE;vwo;FALSE;techniek
100001351;2017;;5;FALSE;onbekend;TRUE;techniek
100001352;2017;1;;FALSE;vwo;FALSE;techniek
100001354;2017;1;;FALSE;havo;FALSE;techniek
100001356;2017;1;;FALSE;havo;FALSE;techniek
100001358;2017;;4;FALSE;havo;FALSE;techniek
100001360;2017;1;;FALSE;mbo;FALSE;techniek
100001362;2017;1;;FALSE;mbo;TRUE;techniek
100001363;2017;1;;FALSE;vwo;FALSE;techniek
100001364;2017;;5;FALSE;vwo;FALSE;techniek
100001365;2017;1;;FALSE;havo;FALSE;techniek
100001367;2017;;4;FALSE;mbo;FALSE;techniek
100001368;2017;;4;FALSE;havo;FALSE;techniek
100001369;2017;1;;FALSE;mbo;FALSE;techniek
100001370;2017;2;;FALSE;havo;FALSE;techniek
100001371;2017;;5;FALSE;vwo;FALSE;techniek
100001375;2017;1;;FALSE;mbo;FALSE;techniek
100001376;2017;;5;FALSE;buitenlands;FALSE;techniek
100001378;2017;1;;FALSE;havo;TRUE;techniek
100001383;2017;;4;FALSE;mbo;FALSE;techniek
100001386;2017;1;;FALSE;mbo;FALSE;techniek
100001388;2017;;4;FALSE;mbo;FALSE;techniek
100001390;2017;;6;FALSE;havo;FALSE;techniek
100001392;2017;;5;FALSE;vwo;FALSE;techniek
100001394;2017;;4;FALSE;mbo;FALSE;techniek
100001397;2017;;4;FALSE;onbekend;FALSE;techniek
100001398;2017;;5;FALSE;mbo;FALSE;techniek
100001400;2017;;7;TRUE;mbo;FALSE;techniek
100001408;2017;;5;FALSE;havo;FALSE;techniek
100001409;2017;3;;FALSE;havo;FALSE;techniek
100001410;2017;1;;FALSE;havo;FALSE;techniek
100001411;2017;;6;FALSE;mbo;FALSE;techniek
100001412;2017;2;;FALSE;vwo;FALSE;techniek
100001413;2017;;6;FALSE;havo;FALSE;techniek
100001414;2017;;4;FALSE;mbo;TRUE;techniek
100001415;2017;;4;FALSE;mbo;FALSE;techniek
100001416;2017;;4;FALSE;havo;FALSE;techniek
100001419;2017;;6;FALSE;havo;FALSE;techniek
100001420;2017;;6;FALSE;vwo;FALSE;techniek
100001421;2017;;6;FALSE;vwo;FALSE;techniek
100001422;2017;;5;FALSE;mbo;FALSE;techniek
100001425;2017;;5;FALSE;havo;FALSE;techniek
100001426;2017;;4;FALSE;mbo;FALSE;techniek
100001427;2017;;5;TRUE;mbo;FALSE;techniek
100001428;2017;;6;FALSE;mbo;FALSE;techniek
100001430;2017;;4;FALSE;mbo;FALSE;techniek
100001431;2017;;4;FALSE;buitenlands;FALSE;techniek
100001441;2017;;4;FALSE;havo;TRUE;techniek
100001446;2017;1;;FALSE;havo;TRUE;techniek
100001447;2017;;5;FALSE;mbo;FALSE;techniek
100001448;2017;;5;FALSE;mbo;FALSE;techniek
100001450;2017;;6;FALSE;mbo;FALSE;techniek
100001451;2017;2;;FALSE;mbo;TRUE;techniek
100001453;2017;1;;FALSE;havo;FALSE;techniek
100001455;2017;;4;FALSE;havo;FALSE;techniek
100001458;2017;;4;FALSE;buitenlands;FALSE;techniek
100001461;2017;;5;FALSE;buitenlands;FALSE;techniek
100001465;2017;;4;FALSE;vwo;FALSE;techniek
100001466;2017;;5;FALSE;mbo;FALSE;techniek
100001471;2017;;4;FALSE;buitenlands;FALSE;techniek
100001472;2017;1;;FALSE;havo;FALSE;techniek
100001474;2017;;4;FALSE;mbo;FALSE;techniek
100001475;2017;2;;FALSE;havo;TRUE;techniek
100001476;2017;;5;FALSE;havo;FALSE;techniek
100001479;2017;;5;FALSE;havo;FALSE;techniek
100001480;2017;;4;FALSE;havo;FALSE;techniek
100001482;2017;;4;FALSE;mbo;FALSE;techniek
100001484;2017;;4;FALSE;vwo;FALSE;techniek
100001485;2017;2;;FALSE;havo;FALSE;techniek
100001486;2017;;4;FALSE;mbo;TRUE;techniek
100001488;2017;;5;FALSE;havo;FALSE;techniek
100001491;2017;;4;FALSE;mbo;FALSE;techniek
100001494;2017;;5;FALSE;mbo;FALSE;techniek
100001495;2017;1;;FALSE;mbo;FALSE;techniek
100001496;2017;;6;FALSE;havo;FALSE;techniek
100001501;2018;;5;FALSE;mbo;FALSE;techniek
100001502;2018;1;;FALSE;mbo;FALSE;techniek
100001505;2018;;6;FALSE;mbo;FALSE;techniek
100001507;2018;;5;FALSE;mbo;FALSE;techniek
100001508;2018;;5;TRUE;havo;FALSE;techniek
100001509;2018;;4;FALSE;havo;FALSE;techniek
100001510;2018;;5;FALSE;mbo;FALSE;techniek
100001511;2018;1;;FALSE;mbo;FALSE;techniek
100001512;2018;;4;FALSE;havo;TRUE;techniek
100001515;2018;;5;TRUE;havo;FALSE;techniek
100001516;2018;3;;FALSE;havo;FALSE;techniek
100001517;2018;;4;FALSE;havo;FALSE;techniek
100001519;2018;;7;TRUE;havo;FALSE;techniek
100001521;2018;1;;FALSE;havo;FALSE;techniek
100001529;2018;3;;FALSE;mbo;FALSE;techniek
100001532;2018;;6;FALSE;havo;TRUE;techniek
100001533;2018;;4;FALSE;vwo;FALSE;techniek
100001535;2018;;5;FALSE;mbo;FALSE;techniek
100001538;2018;;5;FALSE;mbo;FALSE;techniek
100001540;2018;;5;TRUE;havo;FALSE;techniek
100001541;2018;;7;TRUE;mbo;FALSE;techniek
100001542;2018;1;;FALSE;havo;FALSE;techniek
100001547;2018;;5;TRUE;buitenlands;FALSE;techniek
100001549;2018;;4;FALSE;mbo;FALSE;techniek
100001552;2018;1;;FALSE;mbo;FALSE;techniek
100001553;2018;;4;FALSE;havo;FALSE;techniek
100001556;2018;1;;FALSE;mbo;FALSE;techniek
100001558;2018;;5;FALSE;havo;FALSE;techniek
100001559;2018;2;;FALSE;mbo;FALSE;techniek
100001560;2018;;4;FALSE;mbo;FALSE;techniek
100001561;2018;;4;FALSE;mbo;FALSE;techniek
100001562;2018;1;;FALSE;buitenlands;FALSE;techniek
100001565;2018;;5;FALSE;vwo;FALSE;techniek
100001566;2018;;4;FALSE;havo;FALSE;techniek
100001567;2018;;4;FALSE;mbo;FALSE;techniek
100001568;2018;;5;FALSE;mbo;TRUE;techniek
100001570;2018;;4;FALSE;mbo;FALSE;techniek
100001571;2018;1;;FALSE;mbo;FALSE;techniek
100001573;2018;1;;FALSE;onbekend;FALSE;techniek
100001574;2018;;6;FALSE;havo;TRUE;techniek
100001579;2018;1;;FALSE;mbo;FALSE;techniek
100001580;2018;;6;FALSE;mbo;FALSE;techniek
100001585;2018;;4;FALSE;havo;TRUE;techniek
100001586;2018;2;;FALSE;havo;FALSE;techniek
100001587;2018;1;;FALSE;havo;FALSE;techniek
100001588;2018;1;;FALSE;mbo;FALSE;techniek
100001589;2018;;4;FALSE;havo;FALSE;techniek
100001592;2018;;4;FALSE;mbo;FALSE;techniek
100001593;2018;;4;FALSE;havo;FALSE;techniek
100001594;2018;;6;FALSE;havo;FALSE;techniek
100001595;2018;;4;FALSE;mbo;FALSE;techniek
100001598;2018;;4;FALSE;mbo;TRUE;techniek
100001601;2018;;4;FALSE;havo;FALSE;techniek
100001602;2018;;4;FALSE;mbo;FALSE;techniek
100001610;2018;;5;TRUE;mbo;FALSE;techniek
100001612;2018;;5;FALSE;havo;FALSE;techniek
100001614;2018;1;;FALSE;mbo;FALSE;techniek
100001615;2018;1;;FALSE;havo;FALSE;techniek
100001618;2018;1;;FALSE;mbo;FALSE;techniek
100001619;2018;;5;FALSE;mbo;FALSE;techniek
100001620;2018;;4;FALSE;mbo;FALSE;techniek
100001622;2018;;4;FALSE;havo;FALSE;techniek
100001623;2018;;6;FALSE;mbo;FALSE;techniek
100001625;2018;3;;FALSE;vwo;FALSE;techniek
100001626;2018;1;;FALSE;buitenlands;FALSE;techniek
100001627;2018;;4;FALSE;vwo;FALSE;techniek
100001629;2018;1;;FALSE;havo;FALSE;techniek
100001631;2018;1;;FALSE;havo;FALSE;techniek
100001632;2018;;4;FALSE;mbo;FALSE;techniek
100001633;2018;;6;FALSE;mbo;FALSE;techniek
100001634;2018;;6;FALSE;havo;FALSE;techniek
100001638;2018;;5;FALSE;mbo;FALSE;techniek
100001639;2018;;5;FALSE;havo;TRUE;techniek
100001642;2018;;5;FALSE;mbo;TRUE;techniek
100001645;2018;1;;FALSE;mbo;FALSE;techniek
100001646;2018;;4;FALSE;havo;TRUE;techniek
100001647;2018;;5;FALSE;onbekend;FALSE;techniek
100001654;2018;;4;FALSE;havo;FALSE;techniek
100001656;2018;;4;FALSE;onbekend;FALSE;techniek
100001658;2018;;5;FALSE;havo;FALSE;techniek
100001659;2018;;4;FALSE;havo;FALSE;techniek
100001661;2018;;5;FALSE;havo;FALSE;techniek
100001663;2018;;5;FALSE;havo;FALSE;techniek
100001664;2018;2;;FALSE;havo;FALSE;techniek
100001665;2018;;5;FALSE;mbo;TRUE;techniek
100001666;2018;;6;FALSE;havo;FALSE;techniek
100001668;2018;;4;FALSE;havo;FALSE;techniek
100001672;2018;1;;FALSE;mbo;FALSE;techniek
100001675;2018;2;;FALSE;mbo;FALSE;techniek
100001676;2018;;4;FALSE;vwo;FALSE;techniek
100001680;2018;;6;FALSE;havo;FALSE;techniek
100001681;2018;;4;FALSE;havo;FALSE;techniek
100001682;2018;;6;FALSE;havo;FALSE;techniek
100001684;2018;;4;FALSE;mbo;FALSE;techniek
100001686;2018;;4;FALSE;mbo;TRUE;techniek
100001687;2018;;4;FALSE;mbo;FALSE;techniek
100001688;2018;1;;FALSE;mbo;FALSE;techniek
100001691;2018;;4;FALSE;mbo;FALSE;techniek
100001694;2018;1;;FALSE;mbo;FALSE;techniek
100001696;2018;;4;FALSE;havo;FALSE;techniek
100001697;2018;1;;FALSE;mbo;TRUE;techniek
100001701;2018;1;;FALSE;havo;TRUE;techniek
100001702;2018;;6;FALSE;vwo;FALSE;techniek
100001703;2018;;4;FALSE;havo;FALSE;techniek
100001704;2018;;5;FALSE;havo;FALSE;techniek
100001707;2018;;4;FALSE;havo;FALSE;techniek
100001708;2018;;4;FALSE;havo;FALSE;techniek
100001714;2018;;4;FALSE;havo;FALSE;techniek
100001715;2018;;4;FALSE;havo;FALSE;techniek
100001716;2018;1;;FALSE;onbekend;TRUE;techniek
100001719;2018;;5;FALSE;onbekend;FALSE;techniek
100001722;2018;;4;FALSE;mbo;FALSE;techniek
100001725;2018;;4;FALSE;mbo;FALSE;techniek
100001727;2018;;4;FALSE;mbo;FALSE;techniek
100001728;2018;1;;FALSE;onbekend;FALSE;techniek
100001730;2018;;4;FALSE;havo;FALSE;techniek
100001731;2018;;4;FALSE;mbo;FALSE;techniek
100001733;2018;3;;FALSE;mbo;FALSE;techniek
100001735;2018;1;;FALSE;onbekend;TRUE;techniek
100001738;2018;;5;FALSE;vwo;TRUE;techniek
100001739;2018;3;;FALSE;mbo;FALSE;techniek
100001740;2018;;4;FALSE;mbo;TRUE;techniek
100001742;2018;;5;TRUE;havo;FALSE;techniek
100001744;2018;;4;FALSE;mbo;FALSE;techniek
100001746;2018;1;;FALSE;havo;FALSE;techniek
100001747;2018;;6;FALSE;mbo;FALSE;techniek
100001748;2018;;6;FALSE;mbo;FALSE;techniek
100001749;2018;1;;FALSE;havo;FALSE;techniek
100001751;2019;;6;FALSE;havo;FALSE;techniek
100001752;2019;1;;FALSE;mbo;FALSE;techniek
100001756;2019;;4;FALSE;havo;FALSE;techniek
100001757;2019;;5;FALSE;havo;FALSE;techniek
100001760;2019;;4;FALSE;mbo;TRUE;techniek
100001761;2019;1;;FALSE;havo;FALSE;techniek
100001762;2019;;5;FALSE;havo;FALSE;techniek
100001763;2019;;6;TRUE;havo;FALSE;techniek
100001764;2019;;4;FALSE;vwo;TRUE;techniek
100001768;2019;;4;FALSE;buitenlands;FALSE;techniek
100001769;2019;1;;FALSE;mbo;FALSE;techniek
100001770;2019;;5;FALSE;havo;TRUE;techniek
100001772;2019;1;;FALSE;havo;FALSE;techniek
100001773;2019;;4;FALSE;onbekend;TRUE;techniek
100001774;2019;;6;FALSE;mbo;FALSE;techniek
100001775;2019;;6;FALSE;havo;FALSE;techniek
100001776;2019;2;;FALSE;buitenlands;FALSE;techniek
100001779;2019;;5;FALSE;havo;FALSE;techniek
100001780;2019;;5;FALSE;mbo;FALSE;techniek
100001782;2019;;5;FALSE;havo;FALSE;techniek
100001786;2019;;4;FALSE;vwo;FALSE;techniek
100001788;2019;1;;FALSE;havo;FALSE;techniek
100001789;2019;;6;FALSE;mbo;FALSE;techniek
100001790;2019;;5;FALSE;mbo;FALSE;techniek
100001791;2019;;6;FALSE;havo;FALSE;techniek
100001793;2019;;4;FALSE;havo;FALSE;techniek
100001796;2019;;6;FALSE;buitenlands;FALSE;techniek
100001797;2019;1;;FALSE;havo;FALSE;techniek
100001798;2019;;4;FALSE;mbo;FALSE;techniek
100001799;2019;1;;FALSE;havo;FALSE;techniek
100001801;2019;;5;FALSE;vwo;FALSE;techniek
100001802;2019;;5;FALSE;mbo;FALSE;techniek
100001804;2019;2;;FALSE;havo;FALSE;techniek
100001807;2019;2;;FALSE;vwo;FALSE;techniek
100001810;2019;;5;FALSE;mbo;FALSE;techniek
100001811;2019;1;;FALSE;havo;FALSE;techniek
100001812;2019;2;;FALSE;vwo;TRUE;techniek
100001813;2019;1;;FALSE;havo;TRUE;techniek
100001815;2019;;6;FALSE;vwo;FALSE;techniek
100001816;2019;;4;FALSE;havo;FALSE;techniek
100001819;2019;;4;FALSE;havo;FALSE;techniek
100001820;2019;1;;FALSE;havo;FALSE;techniek
100001823;2019;;6;TRUE;mbo;FALSE;techniek
100001824;2019;;4;FALSE;mbo;FALSE;techniek
100001825;2019;1;;FALSE;havo;FALSE;techniek
100001828;2019;;4;FALSE;mbo;FALSE;techniek
100001829;2019;;6;FALSE;onbekend;FALSE;techniek
100001830;2019;;4;FALSE;buitenlands;FALSE;techniek
100001832;2019;;7;TRUE;havo;FALSE;techniek
100001840;2019;1;;FALSE;mbo;FALSE;techniek
100001841;2019;1;;FALSE;mbo;FALSE;techniek
100001842;2019;3;;FALSE;vwo;FALSE;techniek
100001843;2019;;4;FALSE;havo;FALSE;techniek
100001845;2019;;4;FALSE;onbekend;FALSE;techniek
100001846;2019;;4;FALSE;havo;FALSE;techniek
100001847;2019;;4;FALSE;onbekend;FALSE;techniek
100001849;2019;;6;FALSE;mbo;FALSE;techniek
100001851;2019;3;;FALSE;onbekend;TRUE;techniek
100001855;2019;;4;FALSE;mbo;FALSE;techniek
100001858;2019;;5;FALSE;havo;FALSE;techniek
100001859;2019;2;;FALSE;mbo;FALSE;techniek
100001861;2019;;5;FALSE;mbo;FALSE;techniek
100001865;2019;;5;FALSE;onbekend;FALSE;techniek
100001866;2019;3;;FALSE;mbo;FALSE;techniek
100001867;2019;;6;TRUE;onbekend;FALSE;techniek
100001869;2019;1;;FALSE;mbo;FALSE;techniek
100001871;2019;1;;FALSE;havo;FALSE;techniek
100001872;2019;1;;FALSE;havo;FALSE;techniek
100001873;2019;;6;FALSE;mbo;FALSE;techniek
100001874;2019;;4;FALSE;havo;FALSE;techniek
100001875;2019;3;;FALSE;havo;FALSE;techniek
100001876;2019;;6;FALSE;mbo;TRUE;techniek
100001880;2019;;6;FALSE;mbo;FALSE;techniek
100001881;2019;;6;FALSE;mbo;FALSE;techniek
100001886;2019;;4;FALSE;onbekend;FALSE;techniek
100001888;2019;2;;FALSE;havo;FALSE;techniek
100001889;2019;;5;FALSE;mbo;FALSE;techniek
100001892;2019;2;;FALSE;mbo;FALSE;techniek
100001897;2019;1;;FALSE;onbekend;FALSE;techniek
100001898;2019;1;;FALSE;havo;FALSE;techniek
100001899;2019;1;;FALSE;havo;FALSE;techniek
100001901;2019;;4;FALSE;mbo;FALSE;techniek
100001902;2019;;4;FALSE;havo;FALSE;techniek
100001905;2019;;7;TRUE;havo;FALSE;techniek
100001907;2019;;5;FALSE;havo;FALSE;techniek
100001910;2019;;4;FALSE;havo;FALSE;techniek
100001911;2019;1;;FALSE;vwo;FALSE;techniek
100001913;2019;1;;FALSE;mbo;FALSE;techniek
100001914;2019;;4;FALSE;buitenlands;FALSE;techniek
100001917;2019;;4;FALSE;havo;FALSE;techniek
100001919;2019;1;;FALSE;mbo;FALSE;techniek
100001920;2019;2;;FALSE;mbo;FALSE;techniek
100001922;2019;;5;FALSE;havo;FALSE;techniek
100001923;2019;;5;FALSE;mbo;FALSE;techniek
100001924;2019;;4;FALSE;mbo;FALSE;techniek
100001926;2019;;4;FALSE;havo;FALSE;techniek
100001927;2019;;4;FALSE;mbo;FALSE;techniek
100001928;2019;;4;FALSE;havo;FALSE;techniek
100001929;2019;1;;FALSE;havo;FALSE;techniek
100001930;2019;;4;FALSE;mbo;FALSE;techniek
100001931;2019;;4;FALSE;havo;FALSE;techniek
100001932;2019;;5;FALSE;havo;FALSE;techniek
100001935;2019;1;;FALSE;mbo;FALSE;techniek
100001936;2019;;5;FALSE;havo;FALSE;techniek
100001937;2019;;6;FALSE;havo;FALSE;techniek
100001938;2019;1;;FALSE;havo;FALSE;techniek
100001940;2019;;5;FALSE;havo;FALSE;techniek
100001941;2019;;4;FALSE;mbo;FALSE;techniek
100001948;2019;;5;FALSE;havo;FALSE;techniek
100001949;2019;;4;FALSE;mbo;FALSE;techniek
100001951;2019;;6;FALSE;mbo;FALSE;techniek
100001954;2019;;5;FALSE;havo;FALSE;techniek
100001955;2019;1;;FALSE;vwo;FALSE;techniek
100001956;2019;1;;FALSE;havo;FALSE;techniek
100001958;2019;;4;FALSE;havo;FALSE;techniek
100001960;2019;;4;FALSE;havo;FALSE;techniek
100001961;2019;;4;FALSE;havo;FALSE;techniek
100001964;2019;;4;FALSE;havo;FALSE;techniek
100001968;2019;;6;FALSE;mbo;FALSE;techniek
100001969;2019;;6;FALSE;havo;FALSE;techniek
100001972;2019;;4;FALSE;havo;TRUE;techniek
100001974;2019;;5;FALSE;havo;FALSE;techniek
100001976;2019;;4;FALSE;havo;FALSE;techniek
100001979;2019;3;;FALSE;havo;FALSE;techniek
100001980;2019;1;;FALSE;mbo;FALSE;techniek
100001983;2019;;5;FALSE;havo;FALSE;techniek
100001984;2019;;5;FALSE;havo;FALSE;techniek
100001990;2019;;5;FALSE;vwo;FALSE;techniek
100001993;2019;;5;FALSE;havo;FALSE;techniek
100001994;2019;;5;FALSE;havo;FALSE;techniek
100001997;2019;;4;FALSE;mbo;FALSE;techniek
100002000;2019;;4;FALSE;vwo;FALSE;techniek
100002001;2020;;7;TRUE;havo;FALSE;techniek
100002002;2020;;5;FALSE;mbo;FALSE;techniek
100002003;2020;;4;FALSE;mbo;FALSE;techniek
100002004;2020;;4;FALSE;havo;FALSE;techniek
100002005;2020;;4;FALSE;havo;FALSE;techniek
100002007;2020;;5;FALSE;havo;TRUE;techniek
100002008;2020;;4;FALSE;mbo;FALSE;techniek
100002009;2020;2;;FALSE;vwo;FALSE;techniek
100002010;2020;;6;FALSE;havo;FALSE;techniek
100002011;2020;;5;FALSE;havo;FALSE;techniek
100002012;2020;;6;TRUE;onbekend;FALSE;techniek
100002013;2020;1;;FALSE;mbo;FALSE;techniek
100002014;2020;;5;FALSE;mbo;FALSE;techniek
100002015;2020;1;;FALSE;havo;FALSE;techniek
100002018;2020;1;;FALSE;havo;FALSE;techniek
100002019;2020;;4;FALSE;havo;FALSE;techniek
100002020;2020;;6;FALSE;havo;FALSE;techniek
100002022;2020;;5;FALSE;mbo;FALSE;techniek
100002024;2020;;4;FALSE;havo;FALSE;techniek
100002028;2020;;5;FALSE;mbo;FALSE;techniek
100002035;2020;1;;FALSE;mbo;FALSE;techniek
100002039;2020;;4;FALSE;mbo;FALSE;techniek
100002045;2020;1;;FALSE;havo;FALSE;techniek
100002046;2020;;4;FALSE;havo;FALSE;techniek
100002047;2020;1;;FALSE;mbo;TRUE;techniek
100002050;2020;;4;FALSE;havo;TRUE;techniek
100002052;2020;;5;FALSE;mbo;FALSE;techniek
100002053;2020;1;;FALSE;vwo;FALSE;techniek
100002054;2020;;4;FALSE;havo;TRUE;techniek
100002055;2020;;4;FALSE;mbo;FALSE;techniek
100002059;2020;;4;FALSE;havo;TRUE;techniek
100002060;2020;1;;FALSE;onbekend;FALSE;techniek
100002063;2020;;4;FALSE;havo;FALSE;techniek
100002064;2020;;5;FALSE;havo;FALSE;techniek
100002066;2020;1;;FALSE;vwo;FALSE;techniek
100002068;2020;1;;FALSE;mbo;FALSE;techniek
100002069;2020;;4;FALSE;vwo;FALSE;techniek
100002070;2020;;4;FALSE;vwo;FALSE;techniek
100002073;2020;;5;FALSE;mbo;FALSE;techniek
100002075;2020;;5;FALSE;vwo;FALSE;techniek
100002076;2020;2;;FALSE;mbo;FALSE;techniek
100002078;2020;1;;FALSE;havo;FALSE;techniek
100002081;2020;;5;FALSE;vwo;FALSE;techniek
100002082;2020;1;;FALSE;havo;FALSE;techniek
100002084;2020;;4;FALSE;mbo;FALSE;techniek
100002090;2020;;5;FALSE;mbo;FALSE;techniek
100002091;2020;;6;FALSE;mbo;FALSE;techniek
100002092;2020;1;;FALSE;mbo;FALSE;techniek
100002094;2020;;6;FALSE;havo;FALSE;techniek
100002095;2020;1;;FALSE;onbekend;FALSE;techniek
100002100;2020;;4;FALSE;havo;FALSE;techniek
100002101;2020;;5;FALSE;havo;FALSE;techniek
100002104;2020;;4;FALSE;mbo;FALSE;techniek
100002107;2020;;6;FALSE;havo;FALSE;techniek
100002108;2020;;5;FALSE;mbo;TRUE;techniek
100002113;2020;3;;FALSE;mbo;FALSE;techniek
100002116;2020;;6;FALSE;buitenlands;FALSE;techniek
100002118;2020;;4;FALSE;mbo;FALSE;techniek
100002119;2020;;4;FALSE;vwo;FALSE;techniek
100002120;2020;;5;FALSE;havo;TRUE;techniek
100002121;2020;;5;FALSE;havo;FALSE;techniek
100002122;2020;2;;FALSE;havo;FALSE;techniek
100002123;2020;;5;TRUE;buitenlands;FALSE;techniek
100002124;2020;;6;FALSE;vwo;FALSE;techniek
100002125;2020;1;;FALSE;mbo;TRUE;techniek
100002126;2020;;5;FALSE;mbo;TRUE;techniek
100002129;2020;1;;FALSE;havo;FALSE;techniek
100002132;2020;;4;FALSE;mbo;FALSE;techniek
100002137;2020;1;;FALSE;havo;FALSE;techniek
100002138;2020;;5;TRUE;havo;FALSE;techniek
100002140;2020;;4;FALSE;mbo;TRUE;techniek
100002143;2020;;4;FALSE;havo;FALSE;techniek
100002144;2020;;5;FALSE;mbo;FALSE;techniek
100002145;2020;;5;FALSE;vwo;TRUE;techniek
100002147;2020;;6;FALSE;vwo;FALSE;techniek
100002148;2020;2;;FALSE;mbo;FALSE;techniek
100002149;2020;1;;FALSE;havo;TRUE;techniek
100002152;2020;1;;FALSE;mbo;FALSE;techniek
100002153;2020;;6;FALSE;mbo;FALSE;techniek
100002155;2020;;6;FALSE;vwo;FALSE;techniek
100002157;2020;;6;FALSE;havo;FALSE;techniek
100002158;2020;;4;FALSE;mbo;FALSE;techniek
100002159;2020;;4;FALSE;havo;FALSE;techniek
100002163;2020;;4;FALSE;mbo;FALSE;techniek
100002166;2020;1;;FALSE;mbo;TRUE;techniek
100002171;2020;;6;FALSE;mbo;FALSE;techniek
100002176;2020;;4;FALSE;mbo;FALSE;techniek
100002177;2020;1;;FALSE;havo;FALSE;techniek
100002178;2020;;4;FALSE;havo;TRUE;techniek
100002180;2020;;4;FALSE;onbekend;FALSE;techniek
100002182;2020;;4;FALSE;mbo;FALSE;techniek
100002187;2020;;6;FALSE;havo;FALSE;techniek
100002189;2020;2;;FALSE;vwo;FALSE;techniek
100002190;2020;1;;FALSE;onbekend;FALSE;techniek
100002191;2020;;4;FALSE;havo;FALSE;techniek
100002192;2020;;4;FALSE;mbo;FALSE;techniek
100002193;2020;;4;FALSE;vwo;FALSE;techniek
100002194;2020;;4;FALSE;havo;FALSE;techniek
100002195;2020;;6;FALSE;havo;FALSE;techniek
100002196;2020;;5;FALSE;havo;FALSE;techniek
100002197;2020;;4;FALSE;mbo;FALSE;techniek
100002198;2020;1;;FALSE;mbo;FALSE;techniek
100002199;2020;;6;FALSE;vwo;FALSE;techniek
100002200;2020;;6;FALSE;havo;FALSE;techniek
100002201;2020;;6;FALSE;havo;FALSE;techniek
100002202;2020;1;;FALSE;mbo;FALSE;techniek
100002204;2020;;4;FALSE;mbo;FALSE;techniek
100002205;2020;;4;FALSE;havo;FALSE;techniek
100002206;2020;1;;FALSE;havo;FALSE;techniek
100002207;2020;;5;FALSE;havo;TRUE;techniek
100002211;2020;1;;FALSE;havo;FALSE;techniek
100002212;2020;1;;FALSE;mbo;FALSE;techniek
100002214;2020;;4;FALSE;onbekend;FALSE;techniek
100002217;2020;;4;FALSE;onbekend;FALSE;techniek
100002218;2020;;4;FALSE;mbo;FALSE;techniek
100002219;2020;;6;FALSE;havo;FALSE;techniek
100002223;2020;1;;FALSE;havo;FALSE;techniek
100002224;2020;3;;FALSE;havo;FALSE;techniek
100002227;2020;;4;FALSE;mbo;FALSE;techniek
100002228;2020;3;;FALSE;havo;FALSE;techniek
100002229;2020;;5;FALSE;havo;FALSE;techniek
100002230;2020;3;;FALSE;havo;FALSE;techniek
100002234;2020;;6;FALSE;mbo;FALSE;techniek
100002235;2020;;4;FALSE;havo;FALSE;techniek
100002237;2020;;6;FALSE;havo;FALSE;techniek
100002238;2020;;4;FALSE;havo;FALSE;techniek
100002239;2020;1;;FALSE;vwo;FALSE;techniek
100002241;2020;;6;FALSE;onbekend;FALSE;techniek
100002243;2020;;4;FALSE;havo;FALSE;techniek
100002245;2020;1;;FALSE;havo;FALSE;techniek
100002248;2020;1;;FALSE;havo;FALSE;techniek
100002249;2020;;6;FALSE;mbo;FALSE;techniek
100002251;2021;1;;FALSE;mbo;FALSE;techniek
100002252;2021;;5;FALSE;mbo;FALSE;techniek
100002253;2021;;5;FALSE;vwo;FALSE;techniek
100002255;2021;;4;FALSE;havo;FALSE;techniek
100002256;2021;;4;FALSE;havo;FALSE;techniek
100002257;2021;;6;FALSE;havo;FALSE;techniek
100002259;2021;;5;FALSE;havo;FALSE;techniek
100002261;2021;1;;FALSE;vwo;FALSE;techniek
100002262;2021;;5;FALSE;mbo;FALSE;techniek
100002263;2021;1;;FALSE;mbo;FALSE;techniek
100002266;2021;;4;FALSE;mbo;FALSE;techniek
100002270;2021;1;;FALSE;havo;FALSE;techniek
100002273;2021;;4;FALSE;mbo;FALSE;techniek
100002276;2021;;4;FALSE;mbo;FALSE;techniek
100002278;2021;;5;FALSE;mbo;FALSE;techniek
100002280;2021;;4;FALSE;mbo;FALSE;techniek
100002281;2021;2;;FALSE;havo;FALSE;techniek
100002282;2021;3;;FALSE;havo;FALSE;techniek
100002283;2021;2;;FALSE;vwo;FALSE;techniek
100002294;2021;1;;FALSE;havo;FALSE;techniek
100002295;2021;;4;FALSE;havo;FALSE;techniek
100002296;2021;1;;FALSE;havo;FALSE;techniek
100002298;2021;;5;FALSE;havo;FALSE;techniek
100002299;2021;;4;FALSE;havo;FALSE;techniek
100002300;2021;;5;FALSE;havo;FALSE;techniek
100002301;2021;1;;FALSE;mbo;FALSE;techniek
100002302;2021;;6;FALSE;mbo;FALSE;techniek
100002306;2021;3;;FALSE;havo;FALSE;techniek
100002308;2021;;4;FALSE;havo;FALSE;techniek
100002310;2021;;4;FALSE;havo;FALSE;techniek
100002314;2021;;6;FALSE;buitenlands;FALSE;techniek
100002318;2021;2;;FALSE;havo;FALSE;techniek
100002319;2021;;4;FALSE;havo;FALSE;techniek
100002322;2021;;5;FALSE;havo;FALSE;techniek
100002324;2021;;4;FALSE;havo;TRUE;techniek
100002325;2021;;5;FALSE;havo;FALSE;techniek
100002327;2021;;6;FALSE;havo;FALSE;techniek
100002328;2021;;4;FALSE;vwo;FALSE;techniek
100002332;2021;;4;FALSE;havo;FALSE;techniek
100002335;2021;;4;FALSE;havo;FALSE;techniek
100002336;2021;1;;FALSE;mbo;FALSE;techniek
100002339;2021;;5;FALSE;havo;FALSE;techniek
100002340;2021;;6;FALSE;havo;FALSE;techniek
100002342;2021;;6;FALSE;havo;FALSE;techniek
100002345;2021;;6;FALSE;havo;FALSE;techniek
100002351;2021;;5;FALSE;havo;FALSE;techniek
100002352;2021;;5;FALSE;vwo;FALSE;techniek
100002355;2021;;5;FALSE;havo;FALSE;techniek
100002356;2021;;4;FALSE;mbo;FALSE;techniek
100002358;2021;;6;FALSE;vwo;TRUE;techniek
100002359;2021;3;;FALSE;vwo;FALSE;techniek
100002365;2021;1;;FALSE;havo;TRUE;techniek
100002368;2021;2;;FALSE;mbo;FALSE;techniek
100002369;2021;;6;FALSE;havo;FALSE;techniek
100002371;2021;;5;FALSE;havo;FALSE;techniek
100002372;2021;1;;FALSE;mbo;FALSE;techniek
100002376;2021;1;;FALSE;havo;FALSE;techniek
100002378;2021;;5;FALSE;vwo;FALSE;techniek
100002382;2021;1;;FALSE;havo;FALSE;techniek
100002387;2021;;5;FALSE;havo;FALSE;techniek
100002389;2021;;5;FALSE;havo;FALSE;techniek
100002391;2021;3;;FALSE;mbo;FALSE;techniek
100002392;2021;1;;FALSE;havo;FALSE;techniek
100002393;2021;3;;FALSE;havo;FALSE;techniek
100002398;2021;;5;FALSE;mbo;FALSE;techniek
100002400;2021;1;;FALSE;onbekend;FALSE;techniek
100002401;2021;1;;FALSE;havo;FALSE;techniek
100002402;2021;;4;FALSE;mbo;TRUE;techniek
100002404;2021;1;;FALSE;mbo;TRUE;techniek
100002405;2021;;5;FALSE;havo;TRUE;techniek
100002407;2021;;4;FALSE;mbo;FALSE;techniek
100002408;2021;;7;TRUE;havo;FALSE;techniek
100002409;2021;;6;FALSE;havo;TRUE;techniek
100002411;2021;;4;FALSE;buitenlands;FALSE;techniek
100002414;2021;1;;FALSE;havo;FALSE;techniek
100002419;2021;1;;FALSE;havo;FALSE;techniek
100002420;2021;;6;FALSE;mbo;TRUE;techniek
100002421;2021;;5;FALSE;vwo;FALSE;techniek
100002424;2021;;4;FALSE;havo;FALSE;techniek
100002427;2021;;5;FALSE;havo;TRUE;techniek
100002428;2021;;5;FALSE;havo;TRUE;techniek
100002430;2021;;4;FALSE;mbo;FALSE;techniek
100002432;2021;;4;FALSE;havo;FALSE;techniek
100002435;2021;;4;FALSE;havo;FALSE;techniek
100002436;2021;;5;FALSE;vwo;FALSE;techniek
100002439;2021;3;;FALSE;havo;FALSE;techniek
100002440;2021;2;;FALSE;mbo;TRUE;techniek
100002443;2021;;4;FALSE;havo;FALSE;techniek
100002444;2021;;4;FALSE;mbo;TRUE;techniek
100002448;2021;;5;FALSE;mbo;FALSE;techniek
100002451;2021;;6;FALSE;havo;FALSE;techniek
100002453;2021;1;;FALSE;havo;FALSE;techniek
100002458;2021;;6;FALSE;onbekend;FALSE;techniek
100002459;2021;1;;FALSE;buitenlands;FALSE;techniek
100002460;2021;;4;FALSE;havo;FALSE;techniek
100002463;2021;3;;FALSE;havo;FALSE;techniek
100002464;2021;;5;FALSE;vwo;FALSE;techniek
100002465;2021;;6;FALSE;mbo;FALSE;techniek
100002467;2021;2;;FALSE;onbekend;FALSE;techniek
100002470;2021;;4;FALSE;havo;FALSE;techniek
100002471;2021;;4;FALSE;havo;FALSE;techniek
100002476;2021;;6;FALSE;mbo;TRUE;techniek
100002477;2021;;6;FALSE;mbo;FALSE;techniek
100002480;2021;1;;FALSE;mbo;FALSE;techniek
100002482;2021;3;;FALSE;mbo;FALSE;techniek
100002483;2021;;4;FALSE;havo;FALSE;techniek
100002484;2021;;6;FALSE;havo;TRUE;techniek
100002486;2021;;4;FALSE;havo;TRUE;techniek
100002487;2021;1;;FALSE;mbo;FALSE;techniek
100002490;2021;;5;FALSE;mbo;FALSE;techniek
100002494;2021;1;;FALSE;havo;FALSE;techniek
100002497;2021;;6;FALSE;mbo;FALSE;techniek
100002498;2021;;4;FALSE;mbo;FALSE;techniek
100002499;2021;2;;FALSE;mbo;FALSE;techniek
100002501;2022;;6;FALSE;mbo;FALSE;techniek
100002504;2022;;5;FALSE;mbo;FALSE;techniek
100002505;2022;;4;FALSE;havo;FALSE;techniek
100002506;2022;;5;FALSE;havo;FALSE;techniek
100002507;2022;1;;FALSE;havo;FALSE;techniek
100002508;2022;;4;FALSE;mbo;FALSE;techniek
100002510;2022;;5;FALSE;havo;FALSE;techniek
100002511;2022;;4;FALSE;havo;FALSE;techniek
100002512;2022;;5;TRUE;havo;FALSE;techniek
100002513;2022;;6;FALSE;mbo;FALSE;techniek
100002514;2022;;4;FALSE;havo;FALSE;techniek
100002518;2022;;4;FALSE;buitenlands;FALSE;techniek
100002519;2022;;4;FALSE;havo;FALSE;techniek
100002520;2022;;4;FALSE;buitenlands;TRUE;techniek
100002523;2022;;6;FALSE;onbekend;FALSE;techniek
100002525;2022;1;;FALSE;havo;FALSE;techniek
100002527;2022;;4;FALSE;mbo;FALSE;techniek
100002529;2022;1;;FALSE;havo;TRUE;techniek
100002531;2022;;4;FALSE;mbo;FALSE;techniek
100002536;2022;;5;FALSE;buitenlands;FALSE;techniek
100002540;2022;;4;FALSE;havo;FALSE;techniek
100002541;2022;1;;FALSE;havo;FALSE;techniek
100002545;2022;;6;FALSE;mbo;FALSE;techniek
100002547;2022;;6;FALSE;mbo;FALSE;techniek
100002549;2022;;6;FALSE;havo;FALSE;techniek
100002550;2022;1;;FALSE;havo;FALSE;techniek
100002555;2022;;6;FALSE;vwo;FALSE;techniek
100002556;2022;;6;FALSE;mbo;FALSE;techniek
100002557;2022;;4;FALSE;mbo;FALSE;techniek
100002558;2022;;4;FALSE;vwo;FALSE;techniek
100002560;2022;;5;TRUE;mbo;TRUE;techniek
100002561;2022;;4;FALSE;mbo;TRUE;techniek
100002563;2022;;6;FALSE;mbo;FALSE;techniek
100002565;2022;;6;FALSE;mbo;FALSE;techniek
100002567;2022;1;;FALSE;buitenlands;FALSE;techniek
100002570;2022;3;;FALSE;havo;FALSE;techniek
100002575;2022;1;;FALSE;havo;FALSE;techniek
100002576;2022;1;;FALSE;mbo;TRUE;techniek
100002579;2022;3;;FALSE;mbo;FALSE;techniek
100002580;2022;1;;FALSE;havo;FALSE;techniek
100002581;2022;;6;FALSE;havo;FALSE;techniek
100002583;2022;1;;FALSE;havo;FALSE;techniek
100002584;2022;;5;FALSE;mbo;FALSE;techniek
100002585;2022;2;;FALSE;mbo;FALSE;techniek
100002586;2022;;5;FALSE;havo;FALSE;techniek
100002588;2022;1;;FALSE;mbo;TRUE;techniek
100002590;2022;;6;FALSE;mbo;FALSE;techniek
100002591;2022;;4;FALSE;havo;FALSE;techniek
100002595;2022;1;;FALSE;mbo;FALSE;techniek
100002596;2022;;4;FALSE;mbo;FALSE;techniek
100002600;2022;;5;FALSE;havo;FALSE;techniek
100002601;2022;;5;FALSE;mbo;FALSE;techniek
100002603;2022;;5;FALSE;mbo;FALSE;techniek
100002605;2022;;6;FALSE;havo;FALSE;techniek
100002607;2022;1;;FALSE;mbo;FALSE;techniek
100002612;2022;;6;FALSE;havo;FALSE;techniek
100002613;2022;;5;FALSE;mbo;FALSE;techniek
100002616;2022;1;;FALSE;mbo;FALSE;techniek
100002617;2022;2;;FALSE;mbo;FALSE;techniek
100002618;2022;2;;FALSE;mbo;FALSE;techniek
100002620;2022;2;;FALSE;mbo;FALSE;techniek
100002621;2022;1;;FALSE;mbo;TRUE;techniek
100002623;2022;1;;FALSE;havo;TRUE;techniek
100002624;2022;;5;TRUE;mbo;FALSE;techniek
100002626;2022;;4;FALSE;havo;FALSE;techniek
100002629;2022;;5;FALSE;havo;TRUE;techniek
100002630;2022;1;;FALSE;havo;FALSE;techniek
100002631;2022;;6;FALSE;mbo;FALSE;techniek
100002632;2022;;5;FALSE;mbo;FALSE;techniek
100002633;2022;;5;FALSE;mbo;FALSE;techniek
100002634;2022;;5;FALSE;vwo;FALSE;techniek
100002635;2022;;5;FALSE;havo;FALSE;techniek
100002641;2022;1;;FALSE;havo;FALSE;techniek
100002643;2022;;4;FALSE;havo;FALSE;techniek
100002644;2022;1;;FALSE;havo;FALSE;techniek
100002646;2022;;4;FALSE;buitenlands;FALSE;techniek
100002647;2022;;4;FALSE;havo;FALSE;techniek
100002649;2022;1;;FALSE;havo;FALSE;techniek
100002650;2022;;5;FALSE;mbo;FALSE;techniek
100002651;2022;3;;FALSE;havo;FALSE;techniek
100002653;2022;;4;FALSE;onbekend;FALSE;techniek
100002654;2022;3;;FALSE;mbo;FALSE;techniek
100002655;2022;;6;FALSE;havo;FALSE;techniek
100002656;2022;;6;FALSE;vwo;FALSE;techniek
100002661;2022;3;;FALSE;havo;FALSE;techniek
100002665;2022;;4;FALSE;mbo;FALSE;techniek
100002666;2022;;5;TRUE;havo;FALSE;techniek
100002667;2022;;5;FALSE;havo;FALSE;techniek
100002671;2022;;6;FALSE;mbo;FALSE;techniek
100002672;2022;;4;FALSE;mbo;FALSE;techniek
100002675;2022;1;;FALSE;havo;FALSE;techniek
100002678;2022;;4;FALSE;havo;FALSE;techniek
100002679;2022;;5;FALSE;havo;FALSE;techniek
100002680;2022;;5;FALSE;havo;FALSE;techniek
100002681;2022;;4;FALSE;mbo;FALSE;techniek
100002683;2022;1;;FALSE;havo;FALSE;techniek
100002684;2022;;5;FALSE;havo;FALSE;techniek
100002685;2022;;4;FALSE;havo;FALSE;techniek
100002688;2022;;5;FALSE;havo;FALSE;techniek
100002689;2022;1;;FALSE;havo;FALSE;techniek
100002690;2022;;4;FALSE;mbo;FALSE;techniek
100002693;2022;;5;FALSE;havo;TRUE;techniek
100002694;2022;;6;FALSE;mbo;FALSE;techniek
100002695;2022;;4;FALSE;havo;FALSE;techniek
100002698;2022;;5;FALSE;mbo;FALSE;techniek
100002699;2022;1;;FALSE;havo;FALSE;techniek
100002700;2022;;6;FALSE;havo;FALSE;techniek
100002701;2022;;6;FALSE;mbo;TRUE;techniek
100002702;2022;1;;FALSE;mbo;FALSE;techniek
100002703;2022;1;;FALSE;havo;TRUE;techniek
100002706;2022;1;;FALSE;mbo;FALSE;techniek
100002707;2022;3;;FALSE;havo;FALSE;techniek
100002708;2022;1;;FALSE;havo;FALSE;techniek
100002711;2022;;6;FALSE;havo;FALSE;techniek
100002712;2022;;4;FALSE;havo;FALSE;techniek
100002713;2022;;4;FALSE;mbo;TRUE;techniek
100002714;2022;;4;FALSE;havo;FALSE;techniek
100002718;2022;3;;FALSE;mbo;FALSE;techniek
100002719;2022;;4;FALSE;mbo;TRUE;techniek
100002720;2022;3;;FALSE;buitenlands;FALSE;techniek
100002721;2022;2;;FALSE;havo;TRUE;techniek
100002722;2022;1;;FALSE;mbo;FALSE;techniek
100002729;2022;;6;FALSE;havo;FALSE;techniek
100002732;2022;;5;FALSE;buitenlands;FALSE;techniek
100002733;2022;;5;FALSE;mbo;FALSE;techniek
100002735;2022;3;;FALSE;mbo;FALSE;techniek
100002737;2022;3;;FALSE;havo;FALSE;techniek
100002743;2022;;4;FALSE;mbo;FALSE;techniek
100002745;2022;1;;FALSE;havo;FALSE;techniek
100002747;2022;1;;FALSE;havo;FALSE;techniek
100002748;2022;3;;FALSE;mbo;FALSE;techniek
100002750;2022;1;;FALSE;havo;FALSE;techniek
100002751;2023;;5;FALSE;havo;FALSE;techniek
100002757;2023;;4;FALSE;mbo;FALSE;techniek
100002758;2023;;6;FALSE;havo;FALSE;techniek
100002762;2023;;4;FALSE;havo;TRUE;techniek
100002763;2023;1;;FALSE;mbo;FALSE;techniek
100002764;2023;;4;FALSE;havo;FALSE;techniek
100002765;2023;;5;FALSE;havo;FALSE;techniek
100002766;2023;;4;FALSE;havo;FALSE;techniek
100002767;2023;;4;FALSE;buitenlands;FALSE;techniek
100002768;2023;;5;FALSE;mbo;FALSE;techniek
100002769;2023;1;;FALSE;mbo;FALSE;techniek
100002770;2023;2;;FALSE;mbo;FALSE;techniek
100002771;2023;;5;FALSE;mbo;FALSE;techniek
100002772;2023;;4;FALSE;vwo;FALSE;techniek
100002773;2023;;5;FALSE;havo;FALSE;techniek
100002775;2023;3;;FALSE;havo;FALSE;techniek
100002776;2023;;5;FALSE;havo;FALSE;techniek
100002777;2023;;5;FALSE;havo;FALSE;techniek
100002778;2023;;6;FALSE;buitenlands;FALSE;techniek
100002779;2023;;4;FALSE;havo;FALSE;techniek
100002781;2023;;4;FALSE;mbo;FALSE;techniek
100002782;2023;;6;FALSE;mbo;FALSE;techniek
100002783;2023;;4;FALSE;mbo;FALSE;techniek
100002785;2023;1;;FALSE;onbekend;FALSE;techniek
100002786;2023;;6;FALSE;mbo;FALSE;techniek
100002787;2023;;4;FALSE;havo;FALSE;techniek
100002789;2023;1;;FALSE;vwo;FALSE;techniek
100002791;2023;1;;FALSE;mbo;FALSE;techniek
100002793;2023;;4;FALSE;mbo;FALSE;techniek
100002794;2023;;5;FALSE;havo;FALSE;techniek
100002802;2023;1;;FALSE;havo;FALSE;techniek
100002804;2023;;6;FALSE;mbo;FALSE;techniek
100002806;2023;1;;FALSE;onbekend;FALSE;techniek
100002808;2023;;6;FALSE;havo;FALSE;techniek
100002809;2023;;6;FALSE;havo;FALSE;techniek
100002810;2023;1;;FALSE;havo;FALSE;techniek
100002811;2023;2;;FALSE;havo;FALSE;techniek
100002816;2023;;5;FALSE;mbo;TRUE;techniek
100002819;2023;1;;FALSE;mbo;FALSE;techniek
100002820;2023;;4;FALSE;havo;FALSE;techniek
100002821;2023;;5;FALSE;havo;FALSE;techniek
100002822;2023;1;;FALSE;havo;FALSE;techniek
100002828;2023;;4;FALSE;havo;FALSE;techniek
100002829;2023;;4;FALSE;mbo;FALSE;techniek
100002830;2023;1;;FALSE;mbo;FALSE;techniek
100002831;2023;2;;FALSE;havo;FALSE;techniek
100002832;2023;;6;FALSE;mbo;FALSE;techniek
100002833;2023;;4;FALSE;mbo;FALSE;techniek
100002834;2023;3;;FALSE;havo;FALSE;techniek
100002835;2023;1;;FALSE;mbo;FALSE;techniek
100002836;2023;2;;FALSE;mbo;TRUE;techniek
100002838;2023;3;;FALSE;onbekend;FALSE;techniek
100002839;2023;;4;FALSE;onbekend;FALSE;techniek
100002840;2023;1;;FALSE;mbo;FALSE;techniek
100002842;2023;;4;FALSE;mbo;FALSE;techniek
100002844;2023;;6;FALSE;havo;TRUE;techniek
100002845;2023;;5;FALSE;buitenlands;FALSE;techniek
100002850;2023;;4;FALSE;havo;FALSE;techniek
100002851;2023;3;;FALSE;havo;FALSE;techniek
100002852;2023;;6;TRUE;mbo;FALSE;techniek
100002856;2023;;4;FALSE;mbo;FALSE;techniek
100002857;2023;2;;FALSE;mbo;FALSE;techniek
100002858;2023;;4;FALSE;mbo;FALSE;techniek
100002859;2023;1;;FALSE;havo;FALSE;techniek
100002860;2023;;4;FALSE;havo;FALSE;techniek
100002862;2023;1;;FALSE;buitenlands;FALSE;techniek
100002864;2023;;5;FALSE;mbo;FALSE;techniek
100002866;2023;2;;FALSE;mbo;FALSE;techniek
100002868;2023;1;;FALSE;havo;FALSE;techniek
100002870;2023;;4;FALSE;mbo;FALSE;techniek
100002873;2023;2;;FALSE;mbo;FALSE;techniek
100002874;2023;;4;FALSE;havo;FALSE;techniek
100002875;2023;;6;FALSE;vwo;FALSE;techniek
100002878;2023;2;;FALSE;buitenlands;TRUE;techniek
100002880;2023;;5;FALSE;mbo;FALSE;techniek
100002882;2023;1;;FALSE;vwo;FALSE;techniek
100002885;2023;;5;FALSE;havo;FALSE;techniek
100002889;2023;;4;FALSE;havo;FALSE;techniek
100002890;2023;1;;FALSE;havo;FALSE;techniek
100002893;2023;;5;FALSE;mbo;FALSE;techniek
100002897;2023;1;;FALSE;onbekend;FALSE;techniek
100002902;2023;;4;FALSE;vwo;FALSE;techniek
100002904;2023;;5;FALSE;havo;FALSE;techniek
100002905;2023;1;;FALSE;mbo;TRUE;techniek
100002906;2023;;5;FALSE;mbo;FALSE;techniek
100002907;2023;;4;FALSE;mbo;FALSE;techniek
100002909;2023;;5;FALSE;havo;FALSE;techniek
100002911;2023;;5;TRUE;havo;FALSE;techniek
100002912;2023;;4;FALSE;havo;TRUE;techniek
100002915;2023;;4;FALSE;mbo;FALSE;techniek
100002916;2023;1;;FALSE;havo;FALSE;techniek
100002919;2023;;4;FALSE;mbo;FALSE;techniek
100002922;2023;;4;FALSE;havo;FALSE;techniek
100002924;2023;2;;FALSE;mbo;FALSE;techniek
100002928;2023;;5;FALSE;havo;FALSE;techniek
100002930;2023;;5;FALSE;mbo;FALSE;techniek
100002931;2023;;6;FALSE;mbo;FALSE;techniek
100002932;2023;1;;FALSE;havo;FALSE;techniek
100002933;2023;;5;FALSE;mbo;FALSE;techniek
100002939;2023;1;;FALSE;mbo;FALSE;techniek
100002940;2023;;6;FALSE;havo;FALSE;techniek
100002941;2023;1;;FALSE;havo;TRUE;techniek
100002944;2023;;5;FALSE;mbo;FALSE;techniek
100002945;2023;1;;FALSE;havo;FALSE;techniek
100002946;2023;;4;FALSE;havo;FALSE;techniek
100002949;2023;;6;FALSE;havo;FALSE;techniek
100002951;2023;3;;FALSE;mbo;FALSE;techniek
100002953;2023;1;;FALSE;buitenlands;FALSE;techniek
100002954;2023;;4;FALSE;havo;FALSE;techniek
100002956;2023;;4;FALSE;vwo;TRUE;techniek
100002957;2023;;4;FALSE;havo;TRUE;techniek
100002959;2023;;6;FALSE;havo;FALSE;techniek
100002960;2023;;4;FALSE;havo;TRUE;techniek
100002966;2023;;4;FALSE;vwo;FALSE;techniek
100002969;2023;;4;FALSE;havo;FALSE;techniek
100002970;2023;;5;FALSE;mbo;FALSE;techniek
100002973;2023;3;;FALSE;vwo;FALSE;techniek
100002974;2023;;4;FALSE;mbo;FALSE;techniek
100002978;2023;1;;FALSE;mbo;FALSE;techniek
100002979;2023;;5;FALSE;havo;FALSE;techniek
100002980;2023;;4;FALSE;onbekend;FALSE;techniek
100002981;2023;;6;FALSE;onbekend;FALSE;techniek
100002982;2023;;6;FALSE;mbo;TRUE;techniek
100002986;2023;;5;FALSE;havo;FALSE;techniek
100002987;2023;;4;FALSE;buitenlands;FALSE;techniek
100002989;2023;;6;FALSE;mbo;FALSE;techniek
100002992;2023;1;;FALSE;mbo;TRUE;techniek
100002994;2023;;4;FALSE;havo;FALSE;techniek
100002995;2023;;6;FALSE;mbo;FALSE;techniek
100002996;2023;2;;FALSE;onbekend;FALSE;techniek
100002997;2023;1;;FALSE;havo;FALSE;techniek
100002998;2023;2;;FALSE;havo;FALSE;techniek
100003000;2023;;4;FALSE;mbo;FALSE;techniek
200000002;2012;;4;FALSE;mbo;FALSE;gezondheidszorg
200000008;2012;;4;FALSE;havo;FALSE;gezondheidszorg
200000009;2012;1;;FALSE;vwo;FALSE;gezondheidszorg
200000017;2012;;6;TRUE;vwo;TRUE;gezondheidszorg
200000020;2012;3;;FALSE;buitenlands;FALSE;gezondheidszorg
200000024;2012;;6;FALSE;havo;TRUE;gezondheidszorg
200000028;2012;2;;FALSE;mbo;FALSE;gezondheidszorg
200000029;2012;;4;FALSE;havo;FALSE;gezondheidszorg
200000035;2012;;5;FALSE;havo;FALSE;gezondheidszorg
200000039;2012;;6;FALSE;havo;FALSE;gezondheidszorg
200000044;2012;3;;FALSE;mbo;TRUE;gezondheidszorg
200000046;2012;1;;FALSE;mbo;TRUE;gezondheidszorg
200000048;2012;1;;FALSE;mbo;FALSE;gezondheidszorg
200000050;2012;;4;FALSE;mbo;FALSE;gezondheidszorg
200000052;2012;;4;FALSE;vwo;FALSE;gezondheidszorg
200000057;2012;;4;FALSE;vwo;FALSE;gezondheidszorg
200000059;2012;;4;FALSE;havo;FALSE;gezondheidszorg
200000060;2012;;6;FALSE;mbo;FALSE;gezondheidszorg
200000064;2012;;5;TRUE;mbo;TRUE;gezondheidszorg
200000069;2012;;4;FALSE;mbo;TRUE;gezondheidszorg
200000078;2012;;4;FALSE;mbo;FALSE;gezondheidszorg
200000081;2012;;4;FALSE;vwo;FALSE;gezondheidszorg
200000093;2012;2;;FALSE;mbo;TRUE;gezondheidszorg
200000096;2012;;4;FALSE;onbekend;FALSE;gezondheidszorg
200000104;2012;;5;TRUE;havo;FALSE;gezondheidszorg
200000109;2012;3;;FALSE;havo;FALSE;gezondheidszorg
200000112;2012;;5;FALSE;vwo;TRUE;gezondheidszorg
200000114;2012;1;;FALSE;buitenlands;FALSE;gezondheidszorg
200000115;2012;1;;FALSE;havo;FALSE;gezondheidszorg
200000123;2012;;4;FALSE;havo;FALSE;gezondheidszorg
200000124;2012;;7;TRUE;onbekend;TRUE;gezondheidszorg
200000125;2012;;4;FALSE;mbo;FALSE;gezondheidszorg
200000128;2012;;5;TRUE;havo;FALSE;gezondheidszorg
200000129;2012;;4;FALSE;havo;FALSE;gezondheidszorg
200000132;2012;;4;FALSE;vwo;FALSE;gezondheidszorg
200000136;2012;;7;TRUE;havo;FALSE;gezondheidszorg
200000137;2012;;4;FALSE;mbo;FALSE;gezondheidszorg
200000142;2012;;5;FALSE;havo;FALSE;gezondheidszorg
200000151;2012;;4;FALSE;havo;FALSE;gezondheidszorg
200000153;2012;3;;FALSE;havo;FALSE;gezondheidszorg
200000154;2012;1;;FALSE;onbekend;FALSE;gezondheidszorg
200000164;2012;;4;FALSE;havo;TRUE;gezondheidszorg
200000171;2012;;4;FALSE;havo;TRUE;gezondheidszorg
200000175;2012;;6;FALSE;havo;FALSE;gezondheidszorg
200000177;2012;;6;FALSE;mbo;FALSE;gezondheidszorg
200000178;2012;;4;FALSE;buitenlands;FALSE;gezondheidszorg
200000182;2012;;4;FALSE;mbo;TRUE;gezondheidszorg
200000183;2012;3;;FALSE;havo;FALSE;gezondheidszorg
200000185;2012;;4;FALSE;havo;TRUE;gezondheidszorg
200000190;2012;;4;FALSE;havo;FALSE;gezondheidszorg
200000194;2012;1;;FALSE;vwo;FALSE;gezondheidszorg
200000198;2012;;6;FALSE;havo;FALSE;gezondheidszorg
200000201;2012;;6;FALSE;mbo;FALSE;gezondheidszorg
200000207;2012;;5;FALSE;mbo;FALSE;gezondheidszorg
200000208;2012;1;;FALSE;havo;FALSE;gezondheidszorg
200000212;2012;1;;FALSE;havo;FALSE;gezondheidszorg
200000223;2012;;4;FALSE;mbo;FALSE;gezondheidszorg
200000226;2012;2;;FALSE;mbo;FALSE;gezondheidszorg
200000228;2012;;5;TRUE;mbo;FALSE;gezondheidszorg
200000232;2012;2;;FALSE;havo;FALSE;gezondheidszorg
200000234;2012;;4;FALSE;havo;FALSE;gezondheidszorg
200000236;2012;;5;FALSE;havo;TRUE;gezondheidszorg
200000238;2012;;6;FALSE;mbo;FALSE;gezondheidszorg
200000241;2012;;5;TRUE;mbo;FALSE;gezondheidszorg
200000245;2012;;5;FALSE;havo;FALSE;gezondheidszorg
200000250;2012;;4;FALSE;havo;FALSE;gezondheidszorg
200000251;2013;;4;FALSE;mbo;FALSE;gezondheidszorg
200000256;2013;;5;FALSE;vwo;TRUE;gezondheidszorg
200000258;2013;;4;FALSE;havo;FALSE;gezondheidszorg
200000265;2013;;5;FALSE;mbo;FALSE;gezondheidszorg
200000269;2013;;4;FALSE;havo;FALSE;gezondheidszorg
200000271;2013;;4;FALSE;havo;FALSE;gezondheidszorg
200000273;2013;;6;FALSE;havo;FALSE;gezondheidszorg
200000274;2013;;4;FALSE;havo;FALSE;gezondheidszorg
200000278;2013;;4;FALSE;havo;FALSE;gezondheidszorg
200000279;2013;;4;FALSE;havo;FALSE;gezondheidszorg
200000282;2013;2;;FALSE;havo;FALSE;gezondheidszorg
200000286;2013;;6;FALSE;havo;TRUE;gezondheidszorg
200000287;2013;;4;FALSE;mbo;FALSE;gezondheidszorg
200000289;2013;1;;FALSE;mbo;TRUE;gezondheidszorg
200000292;2013;;6;FALSE;onbekend;FALSE;gezondheidszorg
200000297;2013;3;;FALSE;havo;FALSE;gezondheidszorg
200000302;2013;;6;TRUE;havo;FALSE;gezondheidszorg
200000305;2013;;6;TRUE;mbo;FALSE;gezondheidszorg
200000309;2013;;5;FALSE;havo;FALSE;gezondheidszorg
200000312;2013;;5;TRUE;mbo;FALSE;gezondheidszorg
200000313;2013;;5;FALSE;onbekend;FALSE;gezondheidszorg
200000314;2013;1;;FALSE;havo;FALSE;gezondheidszorg
200000316;2013;;5;TRUE;mbo;TRUE;gezondheidszorg
200000317;2013;;5;TRUE;havo;FALSE;gezondheidszorg
200000324;2013;1;;FALSE;havo;FALSE;gezondheidszorg
200000326;2013;;4;FALSE;mbo;FALSE;gezondheidszorg
200000328;2013;;4;FALSE;buitenlands;FALSE;gezondheidszorg
200000329;2013;;4;FALSE;mbo;FALSE;gezondheidszorg
200000333;2013;3;;FALSE;mbo;FALSE;gezondheidszorg
200000336;2013;2;;FALSE;havo;FALSE;gezondheidszorg
200000338;2013;;5;FALSE;vwo;FALSE;gezondheidszorg
200000344;2013;1;;FALSE;havo;FALSE;gezondheidszorg
200000345;2013;;4;FALSE;havo;FALSE;gezondheidszorg
200000349;2013;;5;FALSE;onbekend;FALSE;gezondheidszorg
200000358;2013;;5;FALSE;mbo;FALSE;gezondheidszorg
200000365;2013;;4;FALSE;vwo;FALSE;gezondheidszorg
200000376;2013;;5;FALSE;mbo;FALSE;gezondheidszorg
200000379;2013;;5;FALSE;havo;FALSE;gezondheidszorg
200000381;2013;;4;FALSE;buitenlands;FALSE;gezondheidszorg
200000382;2013;3;;FALSE;mbo;FALSE;gezondheidszorg
200000386;2013;;4;FALSE;havo;FALSE;gezondheidszorg
200000387;2013;;7;TRUE;havo;FALSE;gezondheidszorg
200000388;2013;;5;TRUE;havo;FALSE;gezondheidszorg
200000389;2013;;5;FALSE;havo;FALSE;gezondheidszorg
200000390;2013;;4;FALSE;mbo;TRUE;gezondheidszorg
200000392;2013;2;;FALSE;mbo;FALSE;gezondheidszorg
200000399;2013;2;;FALSE;mbo;TRUE;gezondheidszorg
200000403;2013;;5;FALSE;mbo;FALSE;gezondheidszorg
200000411;2013;;4;FALSE;mbo;TRUE;gezondheidszorg
200000415;2013;1;;FALSE;havo;FALSE;gezondheidszorg
200000418;2013;;5;FALSE;mbo;FALSE;gezondheidszorg
200000420;2013;;4;FALSE;mbo;FALSE;gezondheidszorg
200000421;2013;;4;FALSE;havo;TRUE;gezondheidszorg
200000423;2013;;5;FALSE;havo;FALSE;gezondheidszorg
200000426;2013;;5;TRUE;vwo;FALSE;gezondheidszorg
200000434;2013;;5;TRUE;mbo;TRUE;gezondheidszorg
200000444;2013;3;;FALSE;onbekend;TRUE;gezondheidszorg
200000446;2013;1;;FALSE;havo;FALSE;gezondheidszorg
200000447;2013;;4;FALSE;havo;FALSE;gezondheidszorg
200000448;2013;;6;FALSE;havo;TRUE;gezondheidszorg
200000457;2013;;5;FALSE;vwo;FALSE;gezondheidszorg
200000464;2013;;5;FALSE;havo;FALSE;gezondheidszorg
200000465;2013;;7;TRUE;mbo;FALSE;gezondheidszorg
200000466;2013;;6;FALSE;havo;FALSE;gezondheidszorg
200000476;2013;;5;FALSE;havo;FALSE;gezondheidszorg
200000490;2013;1;;FALSE;onbekend;FALSE;gezondheidszorg
200000492;2013;;5;FALSE;havo;FALSE;gezondheidszorg
200000497;2013;;5;FALSE;havo;TRUE;gezondheidszorg
200000498;2013;;6;FALSE;onbekend;FALSE;gezondheidszorg
200000499;2013;;6;FALSE;mbo;FALSE;gezondheidszorg
200000502;2014;;5;FALSE;havo;FALSE;gezondheidszorg
200000511;2014;;4;FALSE;havo;TRUE;gezondheidszorg
200000514;2014;;4;FALSE;mbo;FALSE;gezondheidszorg
200000523;2014;;5;FALSE;havo;FALSE;gezondheidszorg
200000525;2014;;4;FALSE;mbo;FALSE;gezondheidszorg
200000527;2014;;7;TRUE;havo;FALSE;gezondheidszorg
200000532;2014;1;;FALSE;mbo;FALSE;gezondheidszorg
200000533;2014;;6;FALSE;havo;FALSE;gezondheidszorg
200000536;2014;1;;FALSE;havo;FALSE;gezondheidszorg
200000538;2014;;6;FALSE;havo;FALSE;gezondheidszorg
200000542;2014;3;;FALSE;onbekend;FALSE;gezondheidszorg
200000543;2014;;5;FALSE;vwo;FALSE;gezondheidszorg
200000547;2014;;5;TRUE;havo;FALSE;gezondheidszorg
200000548;2014;;5;FALSE;mbo;FALSE;gezondheidszorg
200000549;2014;;6;TRUE;havo;TRUE;gezondheidszorg
200000553;2014;;5;FALSE;havo;FALSE;gezondheidszorg
200000557;2014;;5;TRUE;mbo;TRUE;gezondheidszorg
200000562;2014;2;;FALSE;havo;FALSE;gezondheidszorg
200000566;2014;1;;FALSE;havo;FALSE;gezondheidszorg
200000569;2014;;6;TRUE;havo;FALSE;gezondheidszorg
200000576;2014;3;;FALSE;mbo;FALSE;gezondheidszorg
200000579;2014;;4;FALSE;mbo;TRUE;gezondheidszorg
200000582;2014;;6;FALSE;havo;TRUE;gezondheidszorg
200000584;2014;;4;FALSE;havo;FALSE;gezondheidszorg
200000587;2014;;5;FALSE;havo;FALSE;gezondheidszorg
200000588;2014;;5;FALSE;mbo;FALSE;gezondheidszorg
200000591;2014;;6;FALSE;havo;FALSE;gezondheidszorg
200000592;2014;;5;FALSE;havo;FALSE;gezondheidszorg
200000595;2014;;4;FALSE;havo;FALSE;gezondheidszorg
200000605;2014;2;;FALSE;havo;FALSE;gezondheidszorg
200000606;2014;1;;FALSE;mbo;TRUE;gezondheidszorg
200000612;2014;;4;FALSE;vwo;FALSE;gezondheidszorg
200000613;2014;;6;FALSE;havo;FALSE;gezondheidszorg
200000614;2014;;5;FALSE;vwo;FALSE;gezondheidszorg
200000616;2014;1;;FALSE;havo;FALSE;gezondheidszorg
200000621;2014;;5;FALSE;mbo;FALSE;gezondheidszorg
200000627;2014;;4;FALSE;buitenlands;FALSE;gezondheidszorg
200000630;2014;;4;FALSE;havo;FALSE;gezondheidszorg
200000631;2014;;7;TRUE;havo;FALSE;gezondheidszorg
200000633;2014;2;;FALSE;vwo;FALSE;gezondheidszorg
200000637;2014;;6;FALSE;havo;FALSE;gezondheidszorg
200000647;2014;;5;TRUE;havo;FALSE;gezondheidszorg
200000651;2014;;4;FALSE;mbo;FALSE;gezondheidszorg
200000656;2014;;5;FALSE;havo;TRUE;gezondheidszorg
200000657;2014;;4;FALSE;havo;FALSE;gezondheidszorg
200000658;2014;;6;FALSE;havo;FALSE;gezondheidszorg
200000661;2014;;4;FALSE;mbo;FALSE;gezondheidszorg
200000662;2014;;5;TRUE;mbo;FALSE;gezondheidszorg
200000663;2014;;5;FALSE;mbo;FALSE;gezondheidszorg
200000667;2014;;4;FALSE;vwo;FALSE;gezondheidszorg
200000671;2014;1;;FALSE;havo;FALSE;gezondheidszorg
200000672;2014;;4;FALSE;havo;FALSE;gezondheidszorg
200000679;2014;;5;TRUE;havo;FALSE;gezondheidszorg
200000688;2014;;4;FALSE;havo;FALSE;gezondheidszorg
200000691;2014;;4;FALSE;havo;FALSE;gezondheidszorg
200000695;2014;;4;FALSE;mbo;FALSE;gezondheidszorg
200000698;2014;3;;FALSE;vwo;FALSE;gezondheidszorg
200000701;2014;;4;FALSE;havo;FALSE;gezondheidszorg
200000702;2014;;6;FALSE;havo;FALSE;gezondheidszorg
200000707;2014;;5;TRUE;havo;TRUE;gezondheidszorg
200000708;2014;;5;TRUE;havo;FALSE;gezondheidszorg
200000709;2014;;4;FALSE;havo;FALSE;gezondheidszorg
200000712;2014;;6;FALSE;mbo;FALSE;gezondheidszorg
200000713;2014;3;;FALSE;havo;TRUE;gezondheidszorg
200000718;2014;1;;FALSE;havo;TRUE;gezondheidszorg
200000719;2014;;4;FALSE;mbo;FALSE;gezondheidszorg
200000721;2014;2;;FALSE;vwo;FALSE;gezondheidszorg
200000723;2014;;4;FALSE;havo;FALSE;gezondheidszorg
200000724;2014;;6;FALSE;mbo;FALSE;gezondheidszorg
200000737;2014;;4;FALSE;vwo;FALSE;gezondheidszorg
200000740;2014;;6;FALSE;havo;FALSE;gezondheidszorg
200000751;2015;;4;FALSE;havo;FALSE;gezondheidszorg
200000759;2015;2;;FALSE;havo;FALSE;gezondheidszorg
200000762;2015;1;;FALSE;mbo;FALSE;gezondheidszorg
200000768;2015;;6;FALSE;mbo;FALSE;gezondheidszorg
200000769;2015;;5;FALSE;mbo;FALSE;gezondheidszorg
200000791;2015;;5;FALSE;mbo;FALSE;gezondheidszorg
200000801;2015;;6;FALSE;havo;FALSE;gezondheidszorg
200000803;2015;1;;FALSE;havo;FALSE;gezondheidszorg
200000806;2015;;4;FALSE;mbo;TRUE;gezondheidszorg
200000809;2015;;5;TRUE;mbo;FALSE;gezondheidszorg
200000814;2015;;6;FALSE;havo;FALSE;gezondheidszorg
200000820;2015;;6;TRUE;havo;FALSE;gezondheidszorg
200000830;2015;2;;FALSE;havo;FALSE;gezondheidszorg
200000835;2015;;5;FALSE;onbekend;FALSE;gezondheidszorg
200000837;2015;;7;TRUE;havo;FALSE;gezondheidszorg
200000843;2015;3;;FALSE;mbo;FALSE;gezondheidszorg
200000845;2015;1;;FALSE;vwo;FALSE;gezondheidszorg
200000847;2015;;6;FALSE;havo;FALSE;gezondheidszorg
200000858;2015;;6;FALSE;mbo;FALSE;gezondheidszorg
200000860;2015;;4;FALSE;buitenlands;FALSE;gezondheidszorg
200000864;2015;;4;FALSE;mbo;FALSE;gezondheidszorg
200000876;2015;1;;FALSE;mbo;FALSE;gezondheidszorg
200000877;2015;;5;FALSE;mbo;FALSE;gezondheidszorg
200000883;2015;;5;TRUE;vwo;FALSE;gezondheidszorg
200000884;2015;;5;FALSE;onbekend;TRUE;gezondheidszorg
200000887;2015;;5;FALSE;vwo;FALSE;gezondheidszorg
200000894;2015;;6;TRUE;havo;FALSE;gezondheidszorg
200000895;2015;;4;FALSE;mbo;FALSE;gezondheidszorg
200000905;2015;;4;FALSE;buitenlands;FALSE;gezondheidszorg
200000920;2015;;4;FALSE;mbo;TRUE;gezondheidszorg
200000921;2015;3;;FALSE;havo;FALSE;gezondheidszorg
200000922;2015;3;;FALSE;havo;TRUE;gezondheidszorg
200000929;2015;;6;FALSE;havo;FALSE;gezondheidszorg
200000936;2015;;4;FALSE;mbo;FALSE;gezondheidszorg
200000938;2015;;5;FALSE;havo;FALSE;gezondheidszorg
200000939;2015;;4;FALSE;buitenlands;FALSE;gezondheidszorg
200000940;2015;3;;FALSE;havo;FALSE;gezondheidszorg
200000952;2015;1;;FALSE;vwo;FALSE;gezondheidszorg
200000953;2015;;5;FALSE;havo;FALSE;gezondheidszorg
200000955;2015;;5;FALSE;mbo;FALSE;gezondheidszorg
200000957;2015;1;;FALSE;mbo;FALSE;gezondheidszorg
200000960;2015;;6;FALSE;mbo;FALSE;gezondheidszorg
200000964;2015;;5;FALSE;havo;FALSE;gezondheidszorg
200000978;2015;1;;FALSE;onbekend;TRUE;gezondheidszorg
200000979;2015;;5;FALSE;buitenlands;FALSE;gezondheidszorg
200000989;2015;;4;FALSE;mbo;FALSE;gezondheidszorg
200001000;2015;2;;FALSE;mbo;FALSE;gezondheidszorg
200001001;2016;1;;FALSE;buitenlands;TRUE;gezondheidszorg
200001004;2016;;4;FALSE;mbo;FALSE;gezondheidszorg
200001007;2016;;4;FALSE;mbo;FALSE;gezondheidszorg
200001011;2016;;4;FALSE;havo;FALSE;gezondheidszorg
200001013;2016;;5;TRUE;mbo;FALSE;gezondheidszorg
200001014;2016;;4;FALSE;havo;TRUE;gezondheidszorg
200001020;2016;;4;FALSE;mbo;FALSE;gezondheidszorg
200001025;2016;;5;FALSE;havo;FALSE;gezondheidszorg
200001028;2016;;5;TRUE;havo;FALSE;gezondheidszorg
200001030;2016;;5;TRUE;havo;FALSE;gezondheidszorg
200001032;2016;;7;TRUE;havo;FALSE;gezondheidszorg
200001038;2016;;4;FALSE;mbo;FALSE;gezondheidszorg
200001039;2016;;5;FALSE;buitenlands;TRUE;gezondheidszorg
200001040;2016;;4;FALSE;mbo;FALSE;gezondheidszorg
200001042;2016;;5;TRUE;havo;FALSE;gezondheidszorg
200001046;2016;;4;FALSE;mbo;FALSE;gezondheidszorg
200001048;2016;;6;TRUE;mbo;FALSE;gezondheidszorg
200001059;2016;2;;FALSE;havo;FALSE;gezondheidszorg
200001060;2016;;5;FALSE;havo;FALSE;gezondheidszorg
200001062;2016;;4;FALSE;mbo;FALSE;gezondheidszorg
200001068;2016;;5;TRUE;mbo;FALSE;gezondheidszorg
200001069;2016;;5;FALSE;havo;FALSE;gezondheidszorg
200001071;2016;;4;FALSE;mbo;FALSE;gezondheidszorg
200001074;2016;;5;FALSE;mbo;FALSE;gezondheidszorg
200001075;2016;;4;FALSE;mbo;FALSE;gezondheidszorg
200001085;2016;;6;TRUE;mbo;FALSE;gezondheidszorg
200001090;2016;1;;FALSE;mbo;FALSE;gezondheidszorg
200001093;2016;1;;FALSE;mbo;FALSE;gezondheidszorg
200001096;2016;;4;FALSE;vwo;FALSE;gezondheidszorg
200001099;2016;2;;FALSE;havo;FALSE;gezondheidszorg
200001105;2016;;4;FALSE;havo;FALSE;gezondheidszorg
200001106;2016;;6;FALSE;havo;FALSE;gezondheidszorg
200001108;2016;;4;FALSE;mbo;FALSE;gezondheidszorg
200001110;2016;;6;FALSE;mbo;TRUE;gezondheidszorg
200001113;2016;;6;FALSE;onbekend;TRUE;gezondheidszorg
200001122;2016;;4;FALSE;havo;FALSE;gezondheidszorg
200001131;2016;;4;FALSE;havo;FALSE;gezondheidszorg
200001133;2016;;4;FALSE;havo;FALSE;gezondheidszorg
200001135;2016;;5;TRUE;havo;FALSE;gezondheidszorg
200001137;2016;2;;FALSE;mbo;FALSE;gezondheidszorg
200001139;2016;;4;FALSE;havo;FALSE;gezondheidszorg
200001140;2016;;4;FALSE;havo;FALSE;gezondheidszorg
200001142;2016;;6;TRUE;mbo;TRUE;gezondheidszorg
200001146;2016;;6;FALSE;havo;FALSE;gezondheidszorg
200001147;2016;;5;FALSE;mbo;FALSE;gezondheidszorg
200001151;2016;;4;FALSE;mbo;FALSE;gezondheidszorg
200001153;2016;;6;FALSE;havo;FALSE;gezondheidszorg
200001156;2016;;4;FALSE;havo;TRUE;gezondheidszorg
200001159;2016;3;;FALSE;mbo;FALSE;gezondheidszorg
200001160;2016;;4;FALSE;havo;FALSE;gezondheidszorg
200001162;2016;;5;TRUE;havo;FALSE;gezondheidszorg
200001164;2016;;4;FALSE;mbo;TRUE;gezondheidszorg
200001167;2016;;4;FALSE;mbo;FALSE;gezondheidszorg
200001170;2016;;5;FALSE;havo;FALSE;gezondheidszorg
200001176;2016;1;;FALSE;mbo;FALSE;gezondheidszorg
200001177;2016;3;;FALSE;havo;FALSE;gezondheidszorg
200001181;2016;;6;FALSE;havo;FALSE;gezondheidszorg
200001185;2016;;5;FALSE;mbo;FALSE;gezondheidszorg
200001189;2016;;6;FALSE;onbekend;FALSE;gezondheidszorg
200001193;2016;;5;FALSE;havo;FALSE;gezondheidszorg
200001196;2016;;4;FALSE;mbo;FALSE;gezondheidszorg
200001200;2016;3;;FALSE;mbo;FALSE;gezondheidszorg
200001203;2016;;6;FALSE;mbo;FALSE;gezondheidszorg
200001205;2016;;4;FALSE;buitenlands;FALSE;gezondheidszorg
200001207;2016;;6;TRUE;havo;FALSE;gezondheidszorg
200001208;2016;;5;TRUE;mbo;TRUE;gezondheidszorg
200001216;2016;;5;TRUE;vwo;FALSE;gezondheidszorg
200001218;2016;;7;TRUE;mbo;FALSE;gezondheidszorg
200001220;2016;2;;FALSE;mbo;FALSE;gezondheidszorg
200001227;2016;;7;TRUE;havo;TRUE;gezondheidszorg
200001234;2016;;6;FALSE;onbekend;TRUE;gezondheidszorg
200001245;2016;;6;FALSE;mbo;FALSE;gezondheidszorg
200001246;2016;1;;FALSE;onbekend;FALSE;gezondheidszorg
200001249;2016;;5;FALSE;havo;TRUE;gezondheidszorg
200001250;2016;;5;FALSE;havo;FALSE;gezondheidszorg
200001256;2017;;5;TRUE;havo;FALSE;gezondheidszorg
200001258;2017;;4;FALSE;havo;FALSE;gezondheidszorg
200001265;2017;1;;FALSE;mbo;FALSE;gezondheidszorg
200001266;2017;;4;FALSE;havo;FALSE;gezondheidszorg
200001269;2017;;6;FALSE;onbekend;FALSE;gezondheidszorg
200001276;2017;;5;TRUE;buitenlands;FALSE;gezondheidszorg
200001277;2017;1;;FALSE;havo;FALSE;gezondheidszorg
200001285;2017;;5;FALSE;mbo;FALSE;gezondheidszorg
200001295;2017;;5;FALSE;havo;TRUE;gezondheidszorg
200001299;2017;;5;FALSE;havo;FALSE;gezondheidszorg
200001301;2017;;4;FALSE;mbo;FALSE;gezondheidszorg
200001304;2017;;5;FALSE;havo;FALSE;gezondheidszorg
200001305;2017;;5;TRUE;mbo;FALSE;gezondheidszorg
200001314;2017;2;;FALSE;havo;FALSE;gezondheidszorg
200001319;2017;3;;FALSE;mbo;FALSE;gezondheidszorg
200001320;2017;;6;FALSE;mbo;FALSE;gezondheidszorg
200001327;2017;;6;FALSE;vwo;FALSE;gezondheidszorg
200001328;2017;;4;FALSE;havo;FALSE;gezondheidszorg
200001330;2017;;7;TRUE;mbo;FALSE;gezondheidszorg
200001332;2017;3;;FALSE;mbo;FALSE;gezondheidszorg
200001333;2017;1;;FALSE;vwo;FALSE;gezondheidszorg
200001334;2017;;4;FALSE;havo;FALSE;gezondheidszorg
200001336;2017;3;;FALSE;havo;FALSE;gezondheidszorg
200001337;2017;;6;FALSE;vwo;FALSE;gezondheidszorg
200001351;2017;;4;FALSE;havo;FALSE;gezondheidszorg
200001352;2017;;7;TRUE;mbo;FALSE;gezondheidszorg
200001357;2017;;6;FALSE;mbo;FALSE;gezondheidszorg
200001361;2017;3;;FALSE;havo;FALSE;gezondheidszorg
200001365;2017;1;;FALSE;havo;FALSE;gezondheidszorg
200001370;2017;;5;FALSE;havo;FALSE;gezondheidszorg
200001376;2017;;5;FALSE;mbo;FALSE;gezondheidszorg
200001387;2017;;7;TRUE;mbo;FALSE;gezondheidszorg
200001388;2017;;5;FALSE;havo;TRUE;gezondheidszorg
200001393;2017;3;;FALSE;vwo;FALSE;gezondheidszorg
200001396;2017;2;;FALSE;mbo;FALSE;gezondheidszorg
200001404;2017;;4;FALSE;mbo;FALSE;gezondheidszorg
200001410;2017;;5;FALSE;havo;FALSE;gezondheidszorg
200001412;2017;1;;FALSE;havo;FALSE;gezondheidszorg
200001414;2017;;5;TRUE;havo;FALSE;gezondheidszorg
200001424;2017;;6;FALSE;mbo;FALSE;gezondheidszorg
200001427;2017;;4;FALSE;mbo;FALSE;gezondheidszorg
200001428;2017;;6;TRUE;mbo;FALSE;gezondheidszorg
200001434;2017;;4;FALSE;mbo;FALSE;gezondheidszorg
200001435;2017;;5;TRUE;onbekend;TRUE;gezondheidszorg
200001436;2017;;4;FALSE;havo;FALSE;gezondheidszorg
200001438;2017;;5;FALSE;mbo;FALSE;gezondheidszorg
200001440;2017;;7;TRUE;havo;FALSE;gezondheidszorg
200001443;2017;;4;FALSE;havo;FALSE;gezondheidszorg
200001448;2017;1;;FALSE;havo;FALSE;gezondheidszorg
200001449;2017;;4;FALSE;havo;FALSE;gezondheidszorg
200001450;2017;;5;FALSE;havo;FALSE;gezondheidszorg
200001451;2017;;5;TRUE;mbo;FALSE;gezondheidszorg
200001454;2017;;6;FALSE;vwo;FALSE;gezondheidszorg
200001455;2017;;4;FALSE;havo;FALSE;gezondheidszorg
200001457;2017;;5;FALSE;buitenlands;FALSE;gezondheidszorg
200001465;2017;3;;FALSE;mbo;FALSE;gezondheidszorg
200001466;2017;;5;FALSE;mbo;FALSE;gezondheidszorg
200001473;2017;;4;FALSE;mbo;FALSE;gezondheidszorg
200001476;2017;1;;FALSE;havo;TRUE;gezondheidszorg
200001482;2017;;5;TRUE;buitenlands;FALSE;gezondheidszorg
200001487;2017;;5;FALSE;havo;TRUE;gezondheidszorg
200001491;2017;1;;FALSE;mbo;FALSE;gezondheidszorg
200001499;2017;;4;FALSE;mbo;FALSE;gezondheidszorg
200001500;2017;;4;FALSE;vwo;FALSE;gezondheidszorg
200001501;2018;;5;TRUE;onbekend;FALSE;gezondheidszorg
200001503;2018;;4;FALSE;havo;FALSE;gezondheidszorg
200001504;2018;1;;FALSE;mbo;FALSE;gezondheidszorg
200001507;2018;;5;FALSE;vwo;TRUE;gezondheidszorg
200001512;2018;;4;FALSE;mbo;FALSE;gezondheidszorg
200001517;2018;;6;FALSE;havo;FALSE;gezondheidszorg
200001520;2018;;5;FALSE;havo;FALSE;gezondheidszorg
200001521;2018;;5;FALSE;mbo;FALSE;gezondheidszorg
200001522;2018;;5;FALSE;mbo;TRUE;gezondheidszorg
200001523;2018;;4;FALSE;havo;TRUE;gezondheidszorg
200001525;2018;;4;FALSE;havo;FALSE;gezondheidszorg
200001526;2018;;5;TRUE;mbo;FALSE;gezondheidszorg
200001527;2018;2;;FALSE;havo;FALSE;gezondheidszorg
200001551;2018;;4;FALSE;havo;FALSE;gezondheidszorg
200001553;2018;1;;FALSE;vwo;FALSE;gezondheidszorg
200001558;2018;;5;FALSE;mbo;FALSE;gezondheidszorg
200001567;2018;;6;FALSE;havo;FALSE;gezondheidszorg
200001579;2018;;4;FALSE;mbo;TRUE;gezondheidszorg
200001580;2018;;4;FALSE;havo;FALSE;gezondheidszorg
200001582;2018;;5;TRUE;havo;FALSE;gezondheidszorg
200001583;2018;;6;FALSE;havo;FALSE;gezondheidszorg
200001591;2018;;5;FALSE;vwo;FALSE;gezondheidszorg
200001592;2018;;4;FALSE;havo;FALSE;gezondheidszorg
200001595;2018;;6;FALSE;havo;FALSE;gezondheidszorg
200001600;2018;;5;FALSE;havo;FALSE;gezondheidszorg
200001630;2018;;5;FALSE;mbo;FALSE;gezondheidszorg
200001637;2018;;4;FALSE;mbo;FALSE;gezondheidszorg
200001643;2018;;5;TRUE;mbo;FALSE;gezondheidszorg
200001646;2018;;6;FALSE;mbo;FALSE;gezondheidszorg
200001648;2018;3;;FALSE;mbo;FALSE;gezondheidszorg
200001656;2018;;4;FALSE;vwo;FALSE;gezondheidszorg
200001667;2018;;5;FALSE;havo;FALSE;gezondheidszorg
200001668;2018;;5;FALSE;mbo;FALSE;gezondheidszorg
200001670;2018;;4;FALSE;mbo;FALSE;gezondheidszorg
200001672;2018;;4;FALSE;havo;FALSE;gezondheidszorg
200001674;2018;;6;FALSE;mbo;FALSE;gezondheidszorg
200001682;2018;;6;TRUE;havo;FALSE;gezondheidszorg
200001686;2018;;6;FALSE;havo;FALSE;gezondheidszorg
200001687;2018;;5;FALSE;vwo;FALSE;gezondheidszorg
200001688;2018;;6;FALSE;mbo;FALSE;gezondheidszorg
200001705;2018;3;;FALSE;onbekend;FALSE;gezondheidszorg
200001706;2018;;4;FALSE;buitenlands;FALSE;gezondheidszorg
200001708;2018;1;;FALSE;havo;FALSE;gezondheidszorg
200001709;2018;1;;FALSE;havo;TRUE;gezondheidszorg
200001712;2018;;4;FALSE;vwo;FALSE;gezondheidszorg
200001723;2018;;6;FALSE;mbo;FALSE;gezondheidszorg
200001724;2018;;5;FALSE;havo;FALSE;gezondheidszorg
200001725;2018;;4;FALSE;mbo;FALSE;gezondheidszorg
200001734;2018;;6;FALSE;mbo;FALSE;gezondheidszorg
200001740;2018;;4;FALSE;havo;FALSE;gezondheidszorg
200001746;2018;;5;FALSE;havo;FALSE;gezondheidszorg
200001756;2019;2;;FALSE;onbekend;FALSE;gezondheidszorg
200001757;2019;;4;FALSE;havo;FALSE;gezondheidszorg
200001758;2019;1;;FALSE;mbo;FALSE;gezondheidszorg
200001763;2019;;5;FALSE;havo;FALSE;gezondheidszorg
200001767;2019;;7;TRUE;mbo;FALSE;gezondheidszorg
200001768;2019;;6;TRUE;onbekend;FALSE;gezondheidszorg
200001769;2019;1;;FALSE;havo;FALSE;gezondheidszorg
200001773;2019;1;;FALSE;vwo;FALSE;gezondheidszorg
200001777;2019;;4;FALSE;havo;FALSE;gezondheidszorg
200001780;2019;;7;TRUE;mbo;FALSE;gezondheidszorg
200001781;2019;;4;FALSE;vwo;FALSE;gezondheidszorg
200001782;2019;;4;FALSE;vwo;FALSE;gezondheidszorg
200001783;2019;;6;FALSE;havo;FALSE;gezondheidszorg
200001785;2019;;6;FALSE;mbo;FALSE;gezondheidszorg
200001786;2019;;6;FALSE;havo;TRUE;gezondheidszorg
200001790;2019;;4;FALSE;mbo;TRUE;gezondheidszorg
200001793;2019;2;;FALSE;havo;FALSE;gezondheidszorg
200001800;2019;;5;FALSE;mbo;FALSE;gezondheidszorg
200001803;2019;;5;TRUE;havo;FALSE;gezondheidszorg
200001806;2019;;6;FALSE;mbo;FALSE;gezondheidszorg
200001814;2019;;4;FALSE;havo;FALSE;gezondheidszorg
200001815;2019;3;;FALSE;havo;TRUE;gezondheidszorg
200001817;2019;;4;FALSE;havo;FALSE;gezondheidszorg
200001819;2019;1;;FALSE;mbo;FALSE;gezondheidszorg
200001820;2019;1;;FALSE;vwo;FALSE;gezondheidszorg
200001823;2019;;5;FALSE;mbo;FALSE;gezondheidszorg
200001825;2019;;6;FALSE;vwo;FALSE;gezondheidszorg
200001832;2019;;4;FALSE;vwo;FALSE;gezondheidszorg
200001835;2019;;6;FALSE;mbo;FALSE;gezondheidszorg
200001836;2019;1;;FALSE;havo;FALSE;gezondheidszorg
200001841;2019;;4;FALSE;mbo;FALSE;gezondheidszorg
200001849;2019;1;;FALSE;havo;FALSE;gezondheidszorg
200001867;2019;;5;FALSE;onbekend;FALSE;gezondheidszorg
200001868;2019;;5;FALSE;vwo;FALSE;gezondheidszorg
200001872;2019;;5;FALSE;mbo;FALSE;gezondheidszorg
200001886;2019;;6;FALSE;buitenlands;FALSE;gezondheidszorg
200001887;2019;3;;FALSE;buitenlands;FALSE;gezondheidszorg
200001888;2019;;5;TRUE;onbekend;FALSE;gezondheidszorg
200001890;2019;1;;FALSE;mbo;FALSE;gezondheidszorg
200001896;2019;1;;FALSE;mbo;FALSE;gezondheidszorg
200001899;2019;;5;FALSE;havo;FALSE;gezondheidszorg
200001905;2019;;6;FALSE;vwo;FALSE;gezondheidszorg
200001906;2019;1;;FALSE;vwo;TRUE;gezondheidszorg
200001910;2019;;6;FALSE;vwo;FALSE;gezondheidszorg
200001912;2019;;5;TRUE;havo;TRUE;gezondheidszorg
200001917;2019;;4;FALSE;mbo;FALSE;gezondheidszorg
200001921;2019;;6;FALSE;havo;FALSE;gezondheidszorg
200001924;2019;;5;TRUE;mbo;FALSE;gezondheidszorg
200001928;2019;;6;FALSE;mbo;FALSE;gezondheidszorg
200001929;2019;;5;FALSE;mbo;FALSE;gezondheidszorg
200001930;2019;;4;FALSE;havo;FALSE;gezondheidszorg
200001934;2019;;4;FALSE;mbo;FALSE;gezondheidszorg
200001937;2019;;5;FALSE;mbo;FALSE;gezondheidszorg
200001941;2019;3;;FALSE;mbo;TRUE;gezondheidszorg
200001945;2019;;7;TRUE;havo;FALSE;gezondheidszorg
200001956;2019;;6;FALSE;onbekend;FALSE;gezondheidszorg
200001981;2019;;4;FALSE;havo;FALSE;gezondheidszorg
200001982;2019;3;;FALSE;mbo;TRUE;gezondheidszorg
200001987;2019;;5;TRUE;havo;FALSE;gezondheidszorg
200001989;2019;;4;FALSE;havo;TRUE;gezondheidszorg
200001992;2019;;4;FALSE;mbo;FALSE;gezondheidszorg
200002000;2019;;4;FALSE;havo;FALSE;gezondheidszorg
200002003;2020;;6;TRUE;havo;FALSE;gezondheidszorg
200002008;2020;;4;FALSE;havo;FALSE;gezondheidszorg
200002010;2020;;6;TRUE;havo;FALSE;gezondheidszorg
200002024;2020;;4;FALSE;havo;FALSE;gezondheidszorg
200002025;2020;;4;FALSE;havo;TRUE;gezondheidszorg
200002031;2020;;6;FALSE;buitenlands;FALSE;gezondheidszorg
200002035;2020;;4;FALSE;havo;FALSE;gezondheidszorg
200002036;2020;;4;FALSE;havo;TRUE;gezondheidszorg
200002042;2020;;4;FALSE;mbo;FALSE;gezondheidszorg
200002046;2020;1;;FALSE;havo;FALSE;gezondheidszorg
200002047;2020;;5;TRUE;mbo;FALSE;gezondheidszorg
200002048;2020;;4;FALSE;vwo;FALSE;gezondheidszorg
200002050;2020;;4;FALSE;mbo;TRUE;gezondheidszorg
200002051;2020;;5;FALSE;havo;FALSE;gezondheidszorg
200002054;2020;;5;FALSE;mbo;FALSE;gezondheidszorg
200002057;2020;;4;FALSE;buitenlands;FALSE;gezondheidszorg
200002069;2020;3;;FALSE;havo;FALSE;gezondheidszorg
200002070;2020;;4;FALSE;mbo;FALSE;gezondheidszorg
200002078;2020;;4;FALSE;mbo;FALSE;gezondheidszorg
200002082;2020;3;;FALSE;buitenlands;TRUE;gezondheidszorg
200002084;2020;2;;FALSE;mbo;FALSE;gezondheidszorg
200002088;2020;;5;TRUE;havo;FALSE;gezondheidszorg
200002092;2020;;5;FALSE;mbo;FALSE;gezondheidszorg
200002093;2020;;5;FALSE;mbo;FALSE;gezondheidszorg
200002098;2020;3;;FALSE;havo;FALSE;gezondheidszorg
200002105;2020;;4;FALSE;buitenlands;FALSE;gezondheidszorg
200002111;2020;;4;FALSE;havo;FALSE;gezondheidszorg
200002112;2020;;4;FALSE;mbo;FALSE;gezondheidszorg
200002115;2020;;4;FALSE;havo;FALSE;gezondheidszorg
200002120;2020;;4;FALSE;havo;FALSE;gezondheidszorg
200002122;2020;;6;TRUE;mbo;FALSE;gezondheidszorg
200002123;2020;;7;TRUE;havo;FALSE;gezondheidszorg
200002127;2020;;4;FALSE;havo;FALSE;gezondheidszorg
200002130;2020;;5;FALSE;havo;FALSE;gezondheidszorg
200002132;2020;;4;FALSE;mbo;FALSE;gezondheidszorg
200002133;2020;;5;TRUE;mbo;FALSE;gezondheidszorg
200002138;2020;;7;TRUE;havo;TRUE;gezondheidszorg
200002140;2020;;4;FALSE;havo;FALSE;gezondheidszorg
200002146;2020;;5;FALSE;buitenlands;FALSE;gezondheidszorg
200002150;2020;;4;FALSE;havo;FALSE;gezondheidszorg
200002155;2020;2;;FALSE;mbo;FALSE;gezondheidszorg
200002158;2020;;5;FALSE;mbo;FALSE;gezondheidszorg
200002162;2020;;4;FALSE;mbo;TRUE;gezondheidszorg
200002164;2020;1;;FALSE;havo;FALSE;gezondheidszorg
200002166;2020;;5;TRUE;mbo;FALSE;gezondheidszorg
200002168;2020;1;;FALSE;havo;FALSE;gezondheidszorg
200002171;2020;1;;FALSE;havo;TRUE;gezondheidszorg
200002175;2020;;4;FALSE;vwo;FALSE;gezondheidszorg
200002180;2020;;4;FALSE;havo;FALSE;gezondheidszorg
200002186;2020;;4;FALSE;havo;FALSE;gezondheidszorg
200002189;2020;;4;FALSE;havo;FALSE;gezondheidszorg
200002190;2020;;5;FALSE;mbo;FALSE;gezondheidszorg
200002191;2020;;5;FALSE;havo;FALSE;gezondheidszorg
200002195;2020;;4;FALSE;mbo;FALSE;gezondheidszorg
200002196;2020;;4;FALSE;havo;FALSE;gezondheidszorg
200002198;2020;;4;FALSE;havo;FALSE;gezondheidszorg
200002200;2020;;5;FALSE;mbo;FALSE;gezondheidszorg
200002202;2020;;4;FALSE;havo;FALSE;gezondheidszorg
200002206;2020;;5;FALSE;havo;FALSE;gezondheidszorg
200002208;2020;;5;FALSE;mbo;FALSE;gezondheidszorg
200002210;2020;;4;FALSE;havo;FALSE;gezondheidszorg
200002211;2020;2;;FALSE;vwo;FALSE;gezondheidszorg
200002212;2020;;4;FALSE;mbo;FALSE;gezondheidszorg
200002214;2020;;5;FALSE;mbo;FALSE;gezondheidszorg
200002223;2020;;4;FALSE;mbo;FALSE;gezondheidszorg
200002226;2020;;4;FALSE;havo;FALSE;gezondheidszorg
200002234;2020;;6;TRUE;mbo;FALSE;gezondheidszorg
200002237;2020;;5;FALSE;havo;TRUE;gezondheidszorg
200002240;2020;;6;TRUE;havo;FALSE;gezondheidszorg
200002246;2020;;4;FALSE;havo;FALSE;gezondheidszorg
200002247;2020;;4;FALSE;havo;TRUE;gezondheidszorg
200002251;2021;;7;TRUE;havo;FALSE;gezondheidszorg
200002253;2021;;4;FALSE;vwo;FALSE;gezondheidszorg
200002254;2021;;4;FALSE;mbo;FALSE;gezondheidszorg
200002258;2021;;6;FALSE;mbo;FALSE;gezondheidszorg
200002260;2021;;5;TRUE;havo;FALSE;gezondheidszorg
200002261;2021;;4;FALSE;havo;FALSE;gezondheidszorg
200002264;2021;;6;FALSE;havo;TRUE;gezondheidszorg
200002268;2021;;4;FALSE;havo;FALSE;gezondheidszorg
200002270;2021;;5;FALSE;havo;FALSE;gezondheidszorg
200002274;2021;;6;FALSE;havo;FALSE;gezondheidszorg
200002278;2021;;4;FALSE;mbo;FALSE;gezondheidszorg
200002279;2021;;6;FALSE;mbo;FALSE;gezondheidszorg
200002281;2021;;4;FALSE;mbo;FALSE;gezondheidszorg
200002283;2021;1;;FALSE;onbekend;FALSE;gezondheidszorg
200002286;2021;;5;TRUE;havo;FALSE;gezondheidszorg
200002289;2021;;5;TRUE;havo;FALSE;gezondheidszorg
200002290;2021;;5;FALSE;onbekend;TRUE;gezondheidszorg
200002294;2021;;6;FALSE;vwo;FALSE;gezondheidszorg
200002297;2021;1;;FALSE;mbo;FALSE;gezondheidszorg
200002304;2021;;4;FALSE;onbekend;TRUE;gezondheidszorg
200002305;2021;;5;FALSE;mbo;TRUE;gezondheidszorg
200002308;2021;;6;FALSE;havo;FALSE;gezondheidszorg
200002315;2021;;6;FALSE;mbo;FALSE;gezondheidszorg
200002318;2021;;6;FALSE;havo;FALSE;gezondheidszorg
200002319;2021;;4;FALSE;mbo;FALSE;gezondheidszorg
200002322;2021;;5;TRUE;mbo;FALSE;gezondheidszorg
200002325;2021;;4;FALSE;onbekend;FALSE;gezondheidszorg
200002326;2021;;5;TRUE;havo;FALSE;gezondheidszorg
200002334;2021;;5;FALSE;havo;TRUE;gezondheidszorg
200002336;2021;;5;TRUE;havo;FALSE;gezondheidszorg
200002341;2021;;6;TRUE;havo;FALSE;gezondheidszorg
200002342;2021;1;;FALSE;havo;TRUE;gezondheidszorg
200002345;2021;;4;FALSE;buitenlands;FALSE;gezondheidszorg
200002359;2021;;4;FALSE;vwo;FALSE;gezondheidszorg
200002367;2021;;4;FALSE;mbo;FALSE;gezondheidszorg
200002368;2021;;4;FALSE;havo;FALSE;gezondheidszorg
200002372;2021;;4;FALSE;havo;TRUE;gezondheidszorg
200002373;2021;;4;FALSE;havo;FALSE;gezondheidszorg
200002377;2021;;5;FALSE;buitenlands;FALSE;gezondheidszorg
200002380;2021;;4;FALSE;mbo;FALSE;gezondheidszorg
200002387;2021;;5;FALSE;onbekend;FALSE;gezondheidszorg
200002395;2021;1;;FALSE;havo;FALSE;gezondheidszorg
200002398;2021;;6;FALSE;havo;FALSE;gezondheidszorg
200002401;2021;;7;TRUE;havo;FALSE;gezondheidszorg
200002402;2021;;4;FALSE;vwo;FALSE;gezondheidszorg
200002403;2021;;5;TRUE;havo;FALSE;gezondheidszorg
200002404;2021;1;;FALSE;havo;FALSE;gezondheidszorg
200002405;2021;;5;TRUE;havo;FALSE;gezondheidszorg
200002408;2021;1;;FALSE;havo;FALSE;gezondheidszorg
200002409;2021;;4;FALSE;vwo;FALSE;gezondheidszorg
200002414;2021;;4;FALSE;vwo;FALSE;gezondheidszorg
200002415;2021;;4;FALSE;havo;FALSE;gezondheidszorg
200002421;2021;;5;FALSE;mbo;FALSE;gezondheidszorg
200002433;2021;2;;FALSE;havo;FALSE;gezondheidszorg
200002437;2021;;6;FALSE;mbo;FALSE;gezondheidszorg
200002439;2021;1;;FALSE;mbo;FALSE;gezondheidszorg
200002444;2021;;4;FALSE;mbo;TRUE;gezondheidszorg
200002447;2021;;5;FALSE;havo;FALSE;gezondheidszorg
200002454;2021;;6;TRUE;havo;FALSE;gezondheidszorg
200002455;2021;;5;FALSE;havo;FALSE;gezondheidszorg
200002459;2021;;5;TRUE;havo;FALSE;gezondheidszorg
200002463;2021;;4;FALSE;mbo;TRUE;gezondheidszorg
200002464;2021;;5;FALSE;vwo;FALSE;gezondheidszorg
200002465;2021;;5;TRUE;mbo;FALSE;gezondheidszorg
200002467;2021;;6;FALSE;havo;FALSE;gezondheidszorg
200002470;2021;;4;FALSE;mbo;FALSE;gezondheidszorg
200002473;2021;;4;FALSE;havo;FALSE;gezondheidszorg
200002479;2021;3;;FALSE;onbekend;FALSE;gezondheidszorg
200002480;2021;;4;FALSE;buitenlands;FALSE;gezondheidszorg
200002482;2021;1;;FALSE;mbo;FALSE;gezondheidszorg
200002488;2021;;7;TRUE;mbo;FALSE;gezondheidszorg
200002493;2021;;5;TRUE;mbo;TRUE;gezondheidszorg
200002496;2021;;5;FALSE;havo;FALSE;gezondheidszorg
200002497;2021;;4;FALSE;mbo;FALSE;gezondheidszorg
200002499;2021;;5;TRUE;havo;TRUE;gezondheidszorg
200002503;2022;1;;FALSE;onbekend;FALSE;gezondheidszorg
200002507;2022;;4;FALSE;havo;FALSE;gezondheidszorg
200002514;2022;;4;FALSE;mbo;FALSE;gezondheidszorg
200002521;2022;;5;FALSE;havo;FALSE;gezondheidszorg
200002531;2022;;6;FALSE;mbo;TRUE;gezondheidszorg
200002532;2022;;4;FALSE;havo;FALSE;gezondheidszorg
200002534;2022;1;;FALSE;mbo;FALSE;gezondheidszorg
200002535;2022;;4;FALSE;havo;FALSE;gezondheidszorg
200002540;2022;;4;FALSE;havo;FALSE;gezondheidszorg
200002541;2022;;4;FALSE;mbo;FALSE;gezondheidszorg
200002542;2022;;5;FALSE;buitenlands;FALSE;gezondheidszorg
200002547;2022;;4;FALSE;mbo;TRUE;gezondheidszorg
200002548;2022;;7;TRUE;havo;FALSE;gezondheidszorg
200002554;2022;;6;FALSE;havo;FALSE;gezondheidszorg
200002569;2022;;4;FALSE;mbo;FALSE;gezondheidszorg
200002572;2022;;4;FALSE;havo;FALSE;gezondheidszorg
200002578;2022;2;;FALSE;havo;FALSE;gezondheidszorg
200002584;2022;;6;FALSE;havo;FALSE;gezondheidszorg
200002586;2022;;4;FALSE;buitenlands;FALSE;gezondheidszorg
200002593;2022;;4;FALSE;mbo;FALSE;gezondheidszorg
200002596;2022;;4;FALSE;havo;FALSE;gezondheidszorg
200002602;2022;;5;TRUE;havo;FALSE;gezondheidszorg
200002606;2022;;6;FALSE;mbo;FALSE;gezondheidszorg
200002607;2022;3;;FALSE;havo;FALSE;gezondheidszorg
200002611;2022;;6;TRUE;mbo;FALSE;gezondheidszorg
200002616;2022;;5;FALSE;havo;FALSE;gezondheidszorg
200002618;2022;1;;FALSE;mbo;FALSE;gezondheidszorg
200002620;2022;;6;TRUE;mbo;FALSE;gezondheidszorg
200002623;2022;;4;FALSE;mbo;FALSE;gezondheidszorg
200002624;2022;;6;FALSE;mbo;FALSE;gezondheidszorg
200002630;2022;;5;FALSE;havo;FALSE;gezondheidszorg
200002638;2022;;6;FALSE;havo;FALSE;gezondheidszorg
200002645;2022;;4;FALSE;mbo;TRUE;gezondheidszorg
200002646;2022;;4;FALSE;havo;TRUE;gezondheidszorg
200002647;2022;;5;TRUE;havo;FALSE;gezondheidszorg
200002649;2022;;5;FALSE;havo;FALSE;gezondheidszorg
200002657;2022;;6;TRUE;mbo;FALSE;gezondheidszorg
200002660;2022;;4;FALSE;havo;FALSE;gezondheidszorg
200002661;2022;;6;FALSE;mbo;FALSE;gezondheidszorg
200002662;2022;;6;TRUE;havo;TRUE;gezondheidszorg
200002663;2022;;4;FALSE;havo;FALSE;gezondheidszorg
200002664;2022;;4;FALSE;mbo;TRUE;gezondheidszorg
200002673;2022;;4;FALSE;buitenlands;FALSE;gezondheidszorg
200002674;2022;;6;FALSE;havo;FALSE;gezondheidszorg
200002687;2022;;5;FALSE;mbo;FALSE;gezondheidszorg
200002688;2022;;4;FALSE;havo;TRUE;gezondheidszorg
200002694;2022;;6;TRUE;buitenlands;TRUE;gezondheidszorg
200002698;2022;;4;FALSE;buitenlands;FALSE;gezondheidszorg
200002699;2022;;5;FALSE;mbo;FALSE;gezondheidszorg
200002709;2022;;7;TRUE;mbo;FALSE;gezondheidszorg
200002710;2022;;5;TRUE;mbo;FALSE;gezondheidszorg
200002726;2022;;4;FALSE;mbo;FALSE;gezondheidszorg
200002732;2022;;7;TRUE;mbo;FALSE;gezondheidszorg
200002737;2022;2;;FALSE;mbo;FALSE;gezondheidszorg
200002740;2022;;4;FALSE;vwo;FALSE;gezondheidszorg
200002743;2022;;6;FALSE;havo;FALSE;gezondheidszorg
200002756;2023;;5;TRUE;mbo;TRUE;gezondheidszorg
200002757;2023;;5;TRUE;mbo;FALSE;gezondheidszorg
200002760;2023;1;;FALSE;mbo;FALSE;gezondheidszorg
200002761;2023;;7;TRUE;buitenlands;FALSE;gezondheidszorg
200002764;2023;;4;FALSE;vwo;FALSE;gezondheidszorg
200002768;2023;;6;TRUE;mbo;FALSE;gezondheidszorg
200002769;2023;;5;FALSE;mbo;FALSE;gezondheidszorg
200002775;2023;;4;FALSE;havo;FALSE;gezondheidszorg
200002779;2023;;4;FALSE;havo;FALSE;gezondheidszorg
200002781;2023;1;;FALSE;onbekend;FALSE;gezondheidszorg
200002789;2023;;5;TRUE;havo;FALSE;gezondheidszorg
200002790;2023;2;;FALSE;vwo;FALSE;gezondheidszorg
200002791;2023;;5;FALSE;vwo;FALSE;gezondheidszorg
200002792;2023;;5;FALSE;havo;FALSE;gezondheidszorg
200002793;2023;;4;FALSE;havo;TRUE;gezondheidszorg
200002795;2023;;5;TRUE;havo;TRUE;gezondheidszorg
200002796;2023;;4;FALSE;havo;FALSE;gezondheidszorg
200002797;2023;2;;FALSE;havo;FALSE;gezondheidszorg
200002810;2023;;5;TRUE;havo;FALSE;gezondheidszorg
200002814;2023;;6;FALSE;mbo;TRUE;gezondheidszorg
200002815;2023;;6;TRUE;havo;TRUE;gezondheidszorg
200002822;2023;;5;FALSE;havo;FALSE;gezondheidszorg
200002828;2023;;4;FALSE;mbo;FALSE;gezondheidszorg
200002832;2023;;4;FALSE;mbo;FALSE;gezondheidszorg
200002833;2023;2;;FALSE;mbo;FALSE;gezondheidszorg
200002841;2023;;6;FALSE;havo;TRUE;gezondheidszorg
200002842;2023;;4;FALSE;onbekend;FALSE;gezondheidszorg
200002846;2023;;4;FALSE;havo;FALSE;gezondheidszorg
200002854;2023;;4;FALSE;onbekend;FALSE;gezondheidszorg
200002855;2023;;7;TRUE;havo;FALSE;gezondheidszorg
200002856;2023;;4;FALSE;mbo;FALSE;gezondheidszorg
200002861;2023;;7;TRUE;havo;TRUE;gezondheidszorg
200002862;2023;;5;TRUE;havo;FALSE;gezondheidszorg
200002866;2023;3;;FALSE;buitenlands;FALSE;gezondheidszorg
200002870;2023;;5;FALSE;havo;FALSE;gezondheidszorg
200002876;2023;;5;TRUE;onbekend;FALSE;gezondheidszorg
200002878;2023;;4;FALSE;buitenlands;FALSE;gezondheidszorg
200002880;2023;;5;FALSE;mbo;FALSE;gezondheidszorg
200002882;2023;;4;FALSE;havo;FALSE;gezondheidszorg
200002883;2023;;6;FALSE;havo;FALSE;gezondheidszorg
200002892;2023;;4;FALSE;havo;FALSE;gezondheidszorg
200002896;2023;;4;FALSE;vwo;TRUE;gezondheidszorg
200002898;2023;;5;FALSE;havo;FALSE;gezondheidszorg
200002907;2023;1;;FALSE;onbekend;FALSE;gezondheidszorg
200002911;2023;;6;TRUE;havo;FALSE;gezondheidszorg
200002920;2023;;7;TRUE;mbo;FALSE;gezondheidszorg
200002924;2023;3;;FALSE;havo;FALSE;gezondheidszorg
200002926;2023;;5;TRUE;havo;FALSE;gezondheidszorg
200002934;2023;;6;FALSE;havo;FALSE;gezondheidszorg
200002935;2023;;5;FALSE;havo;FALSE;gezondheidszorg
200002939;2023;;5;TRUE;mbo;FALSE;gezondheidszorg
200002943;2023;;5;FALSE;havo;FALSE;gezondheidszorg
200002948;2023;;5;TRUE;mbo;FALSE;gezondheidszorg
200002949;2023;;6;FALSE;mbo;FALSE;gezondheidszorg
200002951;2023;1;;FALSE;mbo;FALSE;gezondheidszorg
200002953;2023;;5;FALSE;havo;FALSE;gezondheidszorg
200002961;2023;;4;FALSE;havo;FALSE;gezondheidszorg
200002963;2023;;4;FALSE;vwo;FALSE;gezondheidszorg
200002970;2023;;6;FALSE;buitenlands;FALSE;gezondheidszorg
200002971;2023;;5;FALSE;havo;TRUE;gezondheidszorg
200002981;2023;;4;FALSE;vwo;FALSE;gezondheidszorg
200002992;2023;;5;FALSE;mbo;FALSE;gezondheidszorg
200002993;2023;3;;FALSE;mbo;FALSE;gezondheidszorg
200002996;2023;;7;TRUE;vwo;FALSE;gezondheidszorg
200002999;2023;2;;FALSE;havo;FALSE;gezondheidszorg
300000004;2012;1;;FALSE;havo;TRUE;economie
300000011;2012;;5;FALSE;mbo;FALSE;economie
300000014;2012;;4;FALSE;havo;FALSE;economie
300000021;2012;1;;FALSE;vwo;FALSE;economie
300000022;2012;;6;FALSE;mbo;FALSE;economie
300000023;2012;;6;TRUE;mbo;TRUE;economie
300000024;2012;;6;FALSE;buitenlands;FALSE;economie
300000025;2012;1;;FALSE;onbekend;FALSE;economie
300000031;2012;;4;FALSE;havo;FALSE;economie
300000033;2012;;4;FALSE;havo;FALSE;economie
300000035;2012;;5;FALSE;havo;FALSE;economie
300000036;2012;1;;FALSE;havo;TRUE;economie
300000041;2012;;5;TRUE;mbo;FALSE;economie
300000046;2012;;4;FALSE;buitenlands;FALSE;economie
300000061;2012;;4;FALSE;havo;FALSE;economie
300000069;2012;;6;FALSE;vwo;FALSE;economie
300000070;2012;;5;FALSE;mbo;FALSE;economie
300000072;2012;;4;FALSE;mbo;FALSE;economie
300000076;2012;;6;FALSE;mbo;FALSE;economie
300000078;2012;;5;FALSE;onbekend;FALSE;economie
300000080;2012;;4;FALSE;mbo;FALSE;economie
300000082;2012;;7;TRUE;havo;FALSE;economie
300000086;2012;;7;TRUE;mbo;FALSE;economie
300000088;2012;;5;FALSE;havo;FALSE;economie
300000093;2012;2;;FALSE;mbo;FALSE;economie
300000101;2012;;4;FALSE;havo;TRUE;economie
300000107;2012;;5;FALSE;vwo;FALSE;economie
300000109;2012;;5;FALSE;havo;FALSE;economie
300000110;2012;;5;TRUE;havo;FALSE;economie
300000113;2012;3;;FALSE;havo;FALSE;economie
300000115;2012;;6;FALSE;havo;FALSE;economie
300000118;2012;;4;FALSE;havo;FALSE;economie
300000127;2012;3;;FALSE;havo;FALSE;economie
300000128;2012;1;;FALSE;havo;FALSE;economie
300000132;2012;;5;FALSE;mbo;TRUE;economie
300000135;2012;;4;FALSE;havo;TRUE;economie
300000136;2012;;4;FALSE;mbo;FALSE;economie
300000138;2012;;5;TRUE;mbo;FALSE;economie
300000143;2012;;5;FALSE;buitenlands;FALSE;economie
300000150;2012;;4;FALSE;vwo;FALSE;economie
300000151;2012;1;;FALSE;havo;FALSE;economie
300000155;2012;;5;FALSE;mbo;FALSE;economie
300000156;2012;;4;FALSE;havo;FALSE;economie
300000157;2012;;5;FALSE;havo;FALSE;economie
300000159;2012;;6;FALSE;havo;TRUE;economie
300000164;2012;;4;FALSE;havo;FALSE;economie
300000167;2012;1;;FALSE;havo;FALSE;economie
300000170;2012;;5;FALSE;havo;FALSE;economie
300000171;2012;;4;FALSE;mbo;FALSE;economie
300000181;2012;;6;FALSE;vwo;FALSE;economie
300000187;2012;1;;FALSE;mbo;FALSE;economie
300000189;2012;1;;FALSE;mbo;FALSE;economie
300000192;2012;;4;FALSE;mbo;FALSE;economie
300000193;2012;1;;FALSE;mbo;FALSE;economie
300000195;2012;;4;FALSE;havo;FALSE;economie
300000202;2012;;6;FALSE;mbo;FALSE;economie
300000209;2012;;5;TRUE;havo;FALSE;economie
300000210;2012;;6;FALSE;mbo;FALSE;economie
300000213;2012;;4;FALSE;vwo;FALSE;economie
300000218;2012;;4;FALSE;mbo;TRUE;economie
300000220;2012;;6;FALSE;mbo;TRUE;economie
300000222;2012;1;;FALSE;mbo;FALSE;economie
300000224;2012;;5;FALSE;havo;FALSE;economie
300000228;2012;;5;FALSE;havo;FALSE;economie
300000230;2012;3;;FALSE;mbo;FALSE;economie
300000232;2012;;6;FALSE;havo;FALSE;economie
300000246;2012;;7;TRUE;mbo;FALSE;economie
300000250;2012;;4;FALSE;havo;FALSE;economie
300000253;2013;;4;FALSE;mbo;FALSE;economie
300000268;2013;;6;FALSE;havo;TRUE;economie
300000270;2013;1;;FALSE;havo;FALSE;economie
300000275;2013;;4;FALSE;mbo;FALSE;economie
300000280;2013;;4;FALSE;mbo;FALSE;economie
300000283;2013;1;;FALSE;havo;FALSE;economie
300000284;2013;;6;FALSE;havo;FALSE;economie
300000288;2013;2;;FALSE;mbo;TRUE;economie
300000289;2013;;4;FALSE;mbo;FALSE;economie
300000290;2013;1;;FALSE;mbo;FALSE;economie
300000292;2013;;4;FALSE;havo;FALSE;economie
300000295;2013;;6;FALSE;havo;FALSE;economie
300000297;2013;1;;FALSE;mbo;FALSE;economie
300000298;2013;;5;FALSE;onbekend;FALSE;economie
300000304;2013;;6;FALSE;mbo;FALSE;economie
300000307;2013;;6;FALSE;onbekend;FALSE;economie
300000313;2013;;5;FALSE;mbo;TRUE;economie
300000323;2013;;4;FALSE;havo;FALSE;economie
300000336;2013;1;;FALSE;onbekend;FALSE;economie
300000337;2013;;4;FALSE;havo;TRUE;economie
300000338;2013;;5;TRUE;havo;FALSE;economie
300000341;2013;;5;FALSE;havo;FALSE;economie
300000354;2013;;5;FALSE;mbo;FALSE;economie
300000355;2013;2;;FALSE;vwo;FALSE;economie
300000359;2013;;5;FALSE;havo;FALSE;economie
300000362;2013;1;;FALSE;havo;TRUE;economie
300000363;2013;;5;TRUE;havo;FALSE;economie
300000366;2013;1;;FALSE;havo;FALSE;economie
300000375;2013;;6;FALSE;vwo;TRUE;economie
300000377;2013;1;;FALSE;havo;FALSE;economie
300000381;2013;;5;TRUE;havo;TRUE;economie
300000387;2013;1;;FALSE;mbo;FALSE;economie
300000388;2013;;4;FALSE;havo;FALSE;economie
300000390;2013;;6;FALSE;havo;FALSE;economie
300000395;2013;;5;TRUE;mbo;FALSE;economie
300000396;2013;;5;FALSE;buitenlands;FALSE;economie
300000400;2013;1;;FALSE;havo;FALSE;economie
300000402;2013;1;;FALSE;havo;FALSE;economie
300000404;2013;;6;FALSE;havo;FALSE;economie
300000406;2013;;5;TRUE;mbo;FALSE;economie
300000414;2013;2;;FALSE;mbo;FALSE;economie
300000428;2013;1;;FALSE;havo;TRUE;economie
300000431;2013;;4;FALSE;mbo;TRUE;economie
300000434;2013;;5;FALSE;mbo;FALSE;economie
300000438;2013;;5;FALSE;mbo;FALSE;economie
300000453;2013;;5;TRUE;vwo;FALSE;economie
300000454;2013;;5;FALSE;havo;FALSE;economie
300000455;2013;;4;FALSE;mbo;FALSE;economie
300000461;2013;;5;FALSE;havo;FALSE;economie
300000469;2013;1;;FALSE;onbekend;FALSE;economie
300000471;2013;;7;TRUE;mbo;FALSE;economie
300000474;2013;;4;FALSE;havo;FALSE;economie
300000477;2013;3;;FALSE;havo;FALSE;economie
300000486;2013;;6;FALSE;havo;TRUE;economie
300000493;2013;;6;TRUE;havo;FALSE;economie
300000494;2013;;4;FALSE;mbo;FALSE;economie
300000498;2013;3;;FALSE;havo;FALSE;economie
300000502;2014;1;;FALSE;mbo;FALSE;economie
300000505;2014;;5;FALSE;vwo;FALSE;economie
300000506;2014;1;;FALSE;buitenlands;FALSE;economie
300000509;2014;;4;FALSE;havo;FALSE;economie
300000511;2014;;5;FALSE;mbo;FALSE;economie
300000515;2014;;4;FALSE;havo;FALSE;economie
300000518;2014;3;;FALSE;mbo;TRUE;economie
300000519;2014;1;;FALSE;vwo;FALSE;economie
300000527;2014;;5;TRUE;havo;FALSE;economie
300000537;2014;;5;FALSE;havo;FALSE;economie
300000541;2014;3;;FALSE;havo;FALSE;economie
300000542;2014;;4;FALSE;havo;FALSE;economie
300000545;2014;;4;FALSE;havo;FALSE;economie
300000547;2014;;6;FALSE;vwo;FALSE;economie
300000548;2014;;6;FALSE;havo;FALSE;economie
300000549;2014;1;;FALSE;mbo;FALSE;economie
300000550;2014;;6;FALSE;mbo;FALSE;economie
300000554;2014;3;;FALSE;havo;FALSE;economie
300000556;2014;;6;FALSE;havo;FALSE;economie
300000566;2014;;5;TRUE;havo;FALSE;economie
300000567;2014;;5;FALSE;havo;FALSE;economie
300000576;2014;;6;FALSE;vwo;FALSE;economie
300000579;2014;;5;FALSE;mbo;TRUE;economie
300000593;2014;;4;FALSE;onbekend;FALSE;economie
300000602;2014;;4;FALSE;onbekend;TRUE;economie
300000607;2014;;5;FALSE;mbo;FALSE;economie
300000611;2014;;6;FALSE;vwo;FALSE;economie
300000614;2014;1;;FALSE;havo;FALSE;economie
300000616;2014;1;;FALSE;havo;FALSE;economie
300000628;2014;3;;FALSE;mbo;FALSE;economie
300000629;2014;1;;FALSE;onbekend;FALSE;economie
300000631;2014;;4;FALSE;mbo;FALSE;economie
300000637;2014;;4;FALSE;havo;FALSE;economie
300000642;2014;;6;FALSE;mbo;FALSE;economie
300000644;2014;;6;FALSE;havo;FALSE;economie
300000647;2014;;5;FALSE;havo;FALSE;economie
300000648;2014;;5;FALSE;mbo;FALSE;economie
300000649;2014;3;;FALSE;mbo;FALSE;economie
300000651;2014;;4;FALSE;vwo;FALSE;economie
300000654;2014;2;;FALSE;havo;FALSE;economie
300000658;2014;;4;FALSE;vwo;FALSE;economie
300000661;2014;;6;TRUE;mbo;FALSE;economie
300000662;2014;;4;FALSE;mbo;TRUE;economie
300000666;2014;;5;FALSE;havo;FALSE;economie
300000668;2014;;5;FALSE;havo;FALSE;economie
300000670;2014;1;;FALSE;vwo;FALSE;economie
300000672;2014;;4;FALSE;havo;FALSE;economie
300000674;2014;;4;FALSE;havo;TRUE;economie
300000679;2014;;5;TRUE;havo;FALSE;economie
300000681;2014;1;;FALSE;buitenlands;FALSE;economie
300000682;2014;1;;FALSE;havo;TRUE;economie
300000683;2014;;4;FALSE;vwo;FALSE;economie
300000684;2014;;6;FALSE;havo;FALSE;economie
300000689;2014;;4;FALSE;havo;FALSE;economie
300000691;2014;;5;FALSE;mbo;TRUE;economie
300000696;2014;;4;FALSE;mbo;FALSE;economie
300000700;2014;1;;FALSE;havo;FALSE;economie
300000701;2014;;4;FALSE;vwo;FALSE;economie
300000716;2014;1;;FALSE;havo;FALSE;economie
300000728;2014;;6;FALSE;mbo;FALSE;economie
300000734;2014;1;;FALSE;havo;FALSE;economie
300000735;2014;2;;FALSE;buitenlands;FALSE;economie
300000738;2014;;6;TRUE;havo;FALSE;economie
300000747;2014;;5;FALSE;mbo;FALSE;economie
300000753;2015;;5;FALSE;mbo;FALSE;economie
300000754;2015;1;;FALSE;mbo;TRUE;economie
300000756;2015;3;;FALSE;vwo;FALSE;economie
300000758;2015;;6;FALSE;mbo;FALSE;economie
300000759;2015;;6;FALSE;havo;FALSE;economie
300000760;2015;;6;FALSE;buitenlands;FALSE;economie
300000763;2015;;4;FALSE;mbo;FALSE;economie
300000768;2015;1;;FALSE;havo;FALSE;economie
300000769;2015;;4;FALSE;havo;FALSE;economie
300000774;2015;1;;FALSE;havo;FALSE;economie
300000777;2015;;6;FALSE;havo;FALSE;economie
300000781;2015;1;;FALSE;vwo;FALSE;economie
300000783;2015;;5;FALSE;mbo;FALSE;economie
300000787;2015;;5;FALSE;havo;FALSE;economie
300000794;2015;;6;FALSE;havo;FALSE;economie
300000806;2015;;6;FALSE;havo;FALSE;economie
300000809;2015;;4;FALSE;havo;FALSE;economie
300000811;2015;;5;TRUE;havo;FALSE;economie
300000817;2015;;4;FALSE;mbo;FALSE;economie
300000818;2015;;6;TRUE;havo;FALSE;economie
300000819;2015;;4;FALSE;havo;FALSE;economie
300000823;2015;;4;FALSE;havo;TRUE;economie
300000830;2015;2;;FALSE;havo;FALSE;economie
300000832;2015;;5;FALSE;buitenlands;FALSE;economie
300000833;2015;;6;FALSE;mbo;FALSE;economie
300000839;2015;;6;FALSE;vwo;TRUE;economie
300000840;2015;;6;FALSE;onbekend;FALSE;economie
300000844;2015;3;;FALSE;mbo;FALSE;economie
300000850;2015;;4;FALSE;havo;FALSE;economie
300000855;2015;;4;FALSE;mbo;TRUE;economie
300000858;2015;;6;FALSE;mbo;TRUE;economie
300000859;2015;;6;FALSE;vwo;FALSE;economie
300000860;2015;;4;FALSE;mbo;FALSE;economie
300000864;2015;;4;FALSE;havo;FALSE;economie
300000866;2015;;4;FALSE;vwo;FALSE;economie
300000869;2015;;4;FALSE;mbo;FALSE;economie
300000876;2015;1;;FALSE;vwo;FALSE;economie
300000883;2015;;5;FALSE;havo;FALSE;economie
300000885;2015;2;;FALSE;havo;TRUE;economie
300000887;2015;;5;FALSE;havo;FALSE;economie
300000894;2015;;5;FALSE;havo;FALSE;economie
300000902;2015;;7;TRUE;buitenlands;FALSE;economie
300000904;2015;2;;FALSE;havo;FALSE;economie
300000905;2015;;5;FALSE;mbo;FALSE;economie
300000906;2015;;5;FALSE;havo;TRUE;economie
300000917;2015;3;;FALSE;havo;FALSE;economie
300000919;2015;;6;FALSE;mbo;FALSE;economie
300000920;2015;;5;FALSE;vwo;FALSE;economie
300000927;2015;;4;FALSE;onbekend;TRUE;economie
300000932;2015;;5;FALSE;havo;FALSE;economie
300000934;2015;3;;FALSE;onbekend;FALSE;economie
300000936;2015;;5;FALSE;vwo;FALSE;economie
300000937;2015;;5;FALSE;havo;FALSE;economie
300000938;2015;;6;FALSE;havo;FALSE;economie
300000945;2015;;6;FALSE;havo;FALSE;economie
300000946;2015;;6;FALSE;mbo;FALSE;economie
300000948;2015;;4;FALSE;mbo;FALSE;economie
300000959;2015;;6;FALSE;vwo;FALSE;economie
300000963;2015;;6;FALSE;mbo;FALSE;economie
300000966;2015;;6;FALSE;mbo;FALSE;economie
300000968;2015;;6;TRUE;havo;FALSE;economie
300000971;2015;;5;FALSE;havo;FALSE;economie
300000972;2015;;5;TRUE;vwo;FALSE;economie
300000987;2015;;4;FALSE;mbo;FALSE;economie
300000991;2015;;6;FALSE;mbo;FALSE;economie
300000993;2015;;4;FALSE;mbo;FALSE;economie
300001002;2016;1;;FALSE;mbo;FALSE;economie
300001008;2016;;4;FALSE;mbo;FALSE;economie
300001009;2016;1;;FALSE;mbo;FALSE;economie
300001013;2016;2;;FALSE;mbo;FALSE;economie
300001015;2016;2;;FALSE;havo;FALSE;economie
300001016;2016;;4;FALSE;mbo;FALSE;economie
300001019;2016;3;;FALSE;buitenlands;FALSE;economie
300001025;2016;;4;FALSE;havo;TRUE;economie
300001029;2016;;6;TRUE;mbo;FALSE;economie
300001049;2016;1;;FALSE;mbo;FALSE;economie
300001052;2016;2;;FALSE;mbo;FALSE;economie
300001055;2016;;5;FALSE;mbo;FALSE;economie
300001058;2016;;6;FALSE;mbo;FALSE;economie
300001059;2016;1;;FALSE;buitenlands;FALSE;economie
300001068;2016;;4;FALSE;havo;FALSE;economie
300001070;2016;;5;FALSE;havo;TRUE;economie
300001071;2016;;4;FALSE;havo;FALSE;economie
300001074;2016;;5;FALSE;havo;FALSE;economie
300001077;2016;;4;FALSE;mbo;FALSE;economie
300001103;2016;;4;FALSE;havo;FALSE;economie
300001106;2016;;4;FALSE;onbekend;FALSE;economie
300001107;2016;;6;FALSE;onbekend;FALSE;economie
300001108;2016;;4;FALSE;havo;FALSE;economie
300001111;2016;;6;FALSE;buitenlands;FALSE;economie
300001114;2016;;5;TRUE;buitenlands;FALSE;economie
300001123;2016;;6;FALSE;mbo;FALSE;economie
300001126;2016;;4;FALSE;vwo;FALSE;economie
300001131;2016;;5;FALSE;buitenlands;FALSE;economie
300001133;2016;;5;FALSE;havo;FALSE;economie
300001135;2016;;4;FALSE;havo;FALSE;economie
300001136;2016;;5;TRUE;havo;FALSE;economie
300001138;2016;;6;FALSE;mbo;TRUE;economie
300001139;2016;;4;FALSE;havo;FALSE;economie
300001143;2016;;6;FALSE;havo;FALSE;economie
300001146;2016;;4;FALSE;mbo;TRUE;economie
300001153;2016;;6;FALSE;vwo;FALSE;economie
300001156;2016;;5;FALSE;vwo;FALSE;economie
300001159;2016;3;;FALSE;mbo;FALSE;economie
300001161;2016;;4;FALSE;mbo;FALSE;economie
300001166;2016;;6;FALSE;havo;FALSE;economie
300001167;2016;;4;FALSE;havo;TRUE;economie
300001168;2016;;5;FALSE;onbekend;FALSE;economie
300001177;2016;;4;FALSE;buitenlands;FALSE;economie
300001179;2016;1;;FALSE;havo;FALSE;economie
300001180;2016;2;;FALSE;mbo;FALSE;economie
300001184;2016;;4;FALSE;havo;FALSE;economie
300001187;2016;;4;FALSE;havo;FALSE;economie
300001188;2016;;4;FALSE;mbo;FALSE;economie
300001189;2016;1;;FALSE;havo;FALSE;economie
300001199;2016;;4;FALSE;onbekend;TRUE;economie
300001200;2016;;4;FALSE;mbo;FALSE;economie
300001202;2016;1;;FALSE;mbo;FALSE;economie
300001207;2016;3;;FALSE;havo;FALSE;economie
300001212;2016;1;;FALSE;mbo;FALSE;economie
300001222;2016;;5;FALSE;vwo;FALSE;economie
300001223;2016;1;;FALSE;mbo;FALSE;economie
300001231;2016;;6;FALSE;havo;FALSE;economie
300001237;2016;;4;FALSE;mbo;FALSE;economie
300001238;2016;;4;FALSE;onbekend;FALSE;economie
300001244;2016;;6;FALSE;havo;FALSE;economie
300001259;2017;;4;FALSE;mbo;FALSE;economie
300001260;2017;;5;FALSE;mbo;FALSE;economie
300001261;2017;;5;FALSE;havo;TRUE;economie
300001264;2017;;5;FALSE;onbekend;FALSE;economie
300001268;2017;;4;FALSE;havo;FALSE;economie
300001270;2017;;6;FALSE;buitenlands;FALSE;economie
300001274;2017;;5;TRUE;mbo;TRUE;economie
300001282;2017;2;;FALSE;onbekend;TRUE;economie
300001288;2017;;4;FALSE;havo;FALSE;economie
300001293;2017;;4;FALSE;havo;FALSE;economie
300001300;2017;1;;FALSE;mbo;FALSE;economie
300001301;2017;;4;FALSE;onbekend;FALSE;economie
300001304;2017;;4;FALSE;mbo;FALSE;economie
300001309;2017;;4;FALSE;mbo;FALSE;economie
300001313;2017;1;;FALSE;havo;FALSE;economie
300001319;2017;1;;FALSE;havo;TRUE;economie
300001326;2017;;4;FALSE;mbo;FALSE;economie
300001327;2017;1;;FALSE;mbo;FALSE;economie
300001332;2017;;6;FALSE;havo;FALSE;economie
300001335;2017;1;;FALSE;havo;FALSE;economie
300001350;2017;;6;FALSE;havo;FALSE;economie
300001353;2017;;4;FALSE;buitenlands;FALSE;economie
300001356;2017;;4;FALSE;havo;FALSE;economie
300001359;2017;2;;FALSE;havo;FALSE;economie
300001362;2017;;4;FALSE;havo;FALSE;economie
300001368;2017;;4;FALSE;mbo;FALSE;economie
300001369;2017;;5;FALSE;mbo;FALSE;economie
300001370;2017;;5;FALSE;onbekend;FALSE;economie
300001374;2017;;4;FALSE;mbo;FALSE;economie
300001375;2017;;6;FALSE;mbo;FALSE;economie
300001385;2017;;4;FALSE;havo;FALSE;economie
300001390;2017;3;;FALSE;havo;FALSE;economie
300001392;2017;;5;FALSE;havo;FALSE;economie
300001397;2017;;4;FALSE;havo;FALSE;economie
300001398;2017;1;;FALSE;mbo;FALSE;economie
300001406;2017;;4;FALSE;havo;FALSE;economie
300001414;2017;3;;FALSE;buitenlands;FALSE;economie
300001416;2017;2;;FALSE;havo;FALSE;economie
300001419;2017;1;;FALSE;vwo;FALSE;economie
300001427;2017;;4;FALSE;vwo;FALSE;economie
300001432;2017;;6;FALSE;havo;FALSE;economie
300001434;2017;;4;FALSE;havo;FALSE;economie
300001439;2017;;5;TRUE;mbo;FALSE;economie
300001450;2017;2;;FALSE;buitenlands;FALSE;economie
300001451;2017;;4;FALSE;mbo;FALSE;economie
300001453;2017;1;;FALSE;havo;FALSE;economie
300001458;2017;1;;FALSE;havo;FALSE;economie
300001459;2017;1;;FALSE;mbo;FALSE;economie
300001460;2017;;4;FALSE;havo;FALSE;economie
300001461;2017;;6;FALSE;havo;FALSE;economie
300001470;2017;3;;FALSE;havo;FALSE;economie
300001472;2017;1;;FALSE;mbo;FALSE;economie
300001473;2017;3;;FALSE;mbo;TRUE;economie
300001474;2017;;4;FALSE;mbo;FALSE;economie
300001476;2017;;4;FALSE;havo;FALSE;economie
300001478;2017;;4;FALSE;havo;FALSE;economie
300001483;2017;1;;FALSE;mbo;TRUE;economie
300001490;2017;;6;FALSE;onbekend;FALSE;economie
300001494;2017;2;;FALSE;mbo;FALSE;economie
300001496;2017;;5;FALSE;havo;FALSE;economie
300001508;2018;;4;FALSE;havo;FALSE;economie
300001511;2018;;6;FALSE;havo;FALSE;economie
300001512;2018;2;;FALSE;mbo;FALSE;economie
300001518;2018;;4;FALSE;onbekend;FALSE;economie
300001520;2018;;5;TRUE;vwo;TRUE;economie
300001526;2018;;5;FALSE;havo;FALSE;economie
300001531;2018;;5;FALSE;mbo;FALSE;economie
300001534;2018;;4;FALSE;vwo;FALSE;economie
300001538;2018;1;;FALSE;vwo;TRUE;economie
300001542;2018;2;;FALSE;vwo;TRUE;economie
300001544;2018;;4;FALSE;mbo;FALSE;economie
300001545;2018;;6;TRUE;havo;FALSE;economie
300001548;2018;;5;FALSE;havo;FALSE;economie
300001550;2018;;5;TRUE;mbo;FALSE;economie
300001555;2018;;5;FALSE;onbekend;FALSE;economie
300001556;2018;2;;FALSE;havo;FALSE;economie
300001557;2018;3;;FALSE;vwo;FALSE;economie
300001558;2018;;5;FALSE;havo;TRUE;economie
300001560;2018;;5;FALSE;mbo;FALSE;economie
300001563;2018;;5;FALSE;mbo;FALSE;economie
300001566;2018;;4;FALSE;mbo;FALSE;economie
300001567;2018;1;;FALSE;havo;FALSE;economie
300001570;2018;;4;FALSE;mbo;FALSE;economie
300001574;2018;;5;TRUE;vwo;FALSE;economie
300001575;2018;;4;FALSE;vwo;TRUE;economie
300001577;2018;;5;FALSE;havo;FALSE;economie
300001579;2018;;5;FALSE;mbo;FALSE;economie
300001583;2018;1;;FALSE;havo;TRUE;economie
300001592;2018;;6;FALSE;havo;FALSE;economie
300001593;2018;1;;FALSE;mbo;FALSE;economie
300001598;2018;3;;FALSE;havo;FALSE;economie
300001599;2018;;5;FALSE;havo;FALSE;economie
300001603;2018;;4;FALSE;havo;FALSE;economie
300001604;2018;;6;FALSE;havo;TRUE;economie
300001607;2018;;4;FALSE;mbo;FALSE;economie
300001616;2018;;4;FALSE;havo;FALSE;economie
300001617;2018;;4;FALSE;mbo;FALSE;economie
300001623;2018;;4;FALSE;havo;FALSE;economie
300001631;2018;;6;FALSE;buitenlands;FALSE;economie
300001635;2018;;4;FALSE;vwo;FALSE;economie
300001638;2018;;6;FALSE;havo;FALSE;economie
300001640;2018;;4;FALSE;buitenlands;FALSE;economie
300001648;2018;;5;FALSE;onbekend;FALSE;economie
300001652;2018;;5;FALSE;mbo;FALSE;economie
300001656;2018;1;;FALSE;vwo;FALSE;economie
300001658;2018;;5;FALSE;havo;FALSE;economie
300001659;2018;;6;TRUE;havo;FALSE;economie
300001664;2018;;4;FALSE;havo;FALSE;economie
300001668;2018;;5;FALSE;vwo;FALSE;economie
300001671;2018;;6;FALSE;havo;FALSE;economie
300001672;2018;;4;FALSE;mbo;TRUE;economie
300001674;2018;;4;FALSE;mbo;FALSE;economie
300001677;2018;;5;FALSE;mbo;FALSE;economie
300001678;2018;;4;FALSE;havo;TRUE;economie
300001682;2018;;4;FALSE;havo;FALSE;economie
300001687;2018;;6;FALSE;havo;FALSE;economie
300001691;2018;;6;FALSE;havo;FALSE;economie
300001694;2018;3;;FALSE;havo;FALSE;economie
300001695;2018;;4;FALSE;buitenlands;FALSE;economie
300001700;2018;;6;FALSE;mbo;FALSE;economie
300001701;2018;2;;FALSE;havo;FALSE;economie
300001702;2018;;6;FALSE;mbo;FALSE;economie
300001707;2018;2;;FALSE;havo;FALSE;economie
300001708;2018;;5;FALSE;mbo;FALSE;economie
300001713;2018;;5;FALSE;havo;FALSE;economie
300001715;2018;3;;FALSE;onbekend;FALSE;economie
300001717;2018;;6;FALSE;mbo;FALSE;economie
300001721;2018;3;;FALSE;havo;FALSE;economie
300001724;2018;;6;FALSE;vwo;FALSE;economie
300001728;2018;;5;FALSE;havo;FALSE;economie
300001729;2018;3;;FALSE;havo;TRUE;economie
300001733;2018;;4;FALSE;havo;FALSE;economie
300001744;2018;3;;FALSE;havo;FALSE;economie
300001748;2018;;5;FALSE;havo;FALSE;economie
300001749;2018;1;;FALSE;havo;TRUE;economie
300001752;2019;1;;FALSE;havo;FALSE;economie
300001753;2019;;4;FALSE;mbo;FALSE;economie
300001755;2019;;5;FALSE;mbo;TRUE;economie
300001757;2019;;4;FALSE;buitenlands;FALSE;economie
300001759;2019;;6;FALSE;havo;FALSE;economie
300001763;2019;;7;TRUE;mbo;FALSE;economie
300001765;2019;;5;FALSE;havo;FALSE;economie
300001769;2019;;7;TRUE;mbo;FALSE;economie
300001770;2019;;6;FALSE;onbekend;FALSE;economie
300001772;2019;;4;FALSE;mbo;TRUE;economie
300001773;2019;;4;FALSE;onbekend;FALSE;economie
300001793;2019;;4;FALSE;havo;TRUE;economie
300001794;2019;;4;FALSE;havo;FALSE;economie
300001795;2019;3;;FALSE;havo;FALSE;economie
300001796;2019;1;;FALSE;mbo;FALSE;economie
300001797;2019;;5;FALSE;havo;FALSE;economie
300001801;2019;;6;FALSE;havo;FALSE;economie
300001802;2019;;4;FALSE;havo;FALSE;economie
300001810;2019;;4;FALSE;vwo;FALSE;economie
300001812;2019;;4;FALSE;mbo;TRUE;economie
300001814;2019;2;;FALSE;mbo;FALSE;economie
300001821;2019;;4;FALSE;onbekend;TRUE;economie
300001826;2019;;6;FALSE;havo;FALSE;economie
300001828;2019;;4;FALSE;mbo;FALSE;economie
300001833;2019;;6;FALSE;havo;FALSE;economie
300001835;2019;;4;FALSE;mbo;FALSE;economie
300001837;2019;;4;FALSE;havo;FALSE;economie
300001838;2019;;5;FALSE;mbo;FALSE;economie
300001842;2019;;6;FALSE;havo;FALSE;economie
300001844;2019;;5;TRUE;havo;FALSE;economie
300001845;2019;2;;FALSE;havo;FALSE;economie
300001846;2019;3;;FALSE;havo;FALSE;economie
300001848;2019;;5;FALSE;mbo;FALSE;economie
300001852;2019;;6;FALSE;havo;FALSE;economie
300001853;2019;;4;FALSE;vwo;FALSE;economie
300001866;2019;;5;FALSE;havo;FALSE;economie
300001874;2019;;4;FALSE;onbekend;FALSE;economie
300001876;2019;;5;FALSE;onbekend;FALSE;economie
300001880;2019;;4;FALSE;havo;FALSE;economie
300001882;2019;;5;FALSE;mbo;FALSE;economie
300001883;2019;;4;FALSE;mbo;FALSE;economie
300001885;2019;2;;FALSE;havo;TRUE;economie
300001887;2019;;5;FALSE;mbo;FALSE;economie
300001890;2019;;5;FALSE;havo;TRUE;economie
300001891;2019;;6;TRUE;buitenlands;FALSE;economie
300001896;2019;;4;FALSE;buitenlands;FALSE;economie
300001898;2019;;5;FALSE;havo;FALSE;economie
300001900;2019;1;;FALSE;havo;FALSE;economie
300001902;2019;;5;TRUE;mbo;FALSE;economie
300001903;2019;;4;FALSE;havo;FALSE;economie
300001909;2019;;4;FALSE;onbekend;FALSE;economie
300001914;2019;;5;FALSE;onbekend;FALSE;economie
300001918;2019;;7;TRUE;havo;FALSE;economie
300001922;2019;;4;FALSE;vwo;FALSE;economie
300001923;2019;;4;FALSE;havo;FALSE;economie
300001925;2019;;5;FALSE;havo;FALSE;economie
300001930;2019;;4;FALSE;mbo;FALSE;economie
300001932;2019;;5;FALSE;havo;FALSE;economie
300001933;2019;;4;FALSE;mbo;FALSE;economie
300001936;2019;;6;FALSE;mbo;FALSE;economie
300001938;2019;;4;FALSE;havo;FALSE;economie
300001940;2019;;6;FALSE;havo;FALSE;economie
300001944;2019;;4;FALSE;havo;FALSE;economie
300001947;2019;1;;FALSE;mbo;FALSE;economie
300001950;2019;;4;FALSE;havo;TRUE;economie
300001955;2019;;6;FALSE;mbo;FALSE;economie
300001956;2019;;4;FALSE;mbo;FALSE;economie
300001958;2019;;6;FALSE;havo;FALSE;economie
300001959;2019;2;;FALSE;vwo;FALSE;economie
300001965;2019;;5;TRUE;mbo;FALSE;economie
300001968;2019;3;;FALSE;onbekend;FALSE;economie
300001979;2019;;4;FALSE;havo;FALSE;economie
300001983;2019;2;;FALSE;havo;TRUE;economie
300001984;2019;3;;FALSE;mbo;FALSE;economie
300001998;2019;;4;FALSE;mbo;FALSE;economie
300002000;2019;;6;FALSE;havo;FALSE;economie
300002001;2020;;5;FALSE;havo;FALSE;economie
300002004;2020;;6;TRUE;mbo;FALSE;economie
300002006;2020;;6;TRUE;vwo;FALSE;economie
300002007;2020;;4;FALSE;havo;FALSE;economie
300002024;2020;;7;TRUE;mbo;FALSE;economie
300002031;2020;;4;FALSE;buitenlands;FALSE;economie
300002047;2020;1;;FALSE;havo;FALSE;economie
300002048;2020;;5;FALSE;mbo;FALSE;economie
300002052;2020;;4;FALSE;vwo;FALSE;economie
300002065;2020;3;;FALSE;havo;FALSE;economie
300002069;2020;;4;FALSE;havo;FALSE;economie
300002075;2020;1;;FALSE;onbekend;FALSE;economie
300002082;2020;;5;FALSE;mbo;FALSE;economie
300002084;2020;;4;FALSE;havo;FALSE;economie
300002088;2020;;5;FALSE;onbekend;FALSE;economie
300002089;2020;2;;FALSE;havo;FALSE;economie
300002093;2020;;4;FALSE;mbo;FALSE;economie
300002094;2020;;4;FALSE;havo;TRUE;economie
300002095;2020;;7;TRUE;havo;FALSE;economie
300002098;2020;;6;FALSE;mbo;FALSE;economie
300002102;2020;;5;FALSE;havo;TRUE;economie
300002113;2020;;6;FALSE;vwo;FALSE;economie
300002114;2020;2;;FALSE;mbo;FALSE;economie
300002117;2020;;6;FALSE;onbekend;FALSE;economie
300002119;2020;1;;FALSE;havo;TRUE;economie
300002122;2020;;4;FALSE;havo;FALSE;economie
300002124;2020;;6;FALSE;mbo;FALSE;economie
300002128;2020;1;;FALSE;havo;TRUE;economie
300002129;2020;;4;FALSE;mbo;FALSE;economie
300002131;2020;;6;FALSE;havo;FALSE;economie
300002135;2020;;6;TRUE;havo;FALSE;economie
300002137;2020;;4;FALSE;mbo;FALSE;economie
300002141;2020;;6;FALSE;mbo;FALSE;economie
300002144;2020;1;;FALSE;onbekend;FALSE;economie
300002145;2020;;4;FALSE;mbo;FALSE;economie
300002147;2020;;4;FALSE;buitenlands;FALSE;economie
300002150;2020;;4;FALSE;havo;FALSE;economie
300002152;2020;;4;FALSE;mbo;FALSE;economie
300002154;2020;1;;FALSE;onbekend;FALSE;economie
300002155;2020;1;;FALSE;mbo;FALSE;economie
300002156;2020;;6;FALSE;havo;FALSE;economie
300002161;2020;1;;FALSE;havo;FALSE;economie
300002163;2020;;5;FALSE;mbo;FALSE;economie
300002164;2020;;5;FALSE;onbekend;TRUE;economie
300002165;2020;;7;TRUE;havo;FALSE;economie
300002167;2020;;5;FALSE;havo;FALSE;economie
300002169;2020;;4;FALSE;havo;FALSE;economie
300002176;2020;;6;TRUE;mbo;FALSE;economie
300002177;2020;;5;FALSE;havo;FALSE;economie
300002179;2020;;5;TRUE;havo;FALSE;economie
300002183;2020;3;;FALSE;havo;FALSE;economie
300002184;2020;;5;FALSE;onbekend;FALSE;economie
300002188;2020;;6;FALSE;havo;FALSE;economie
300002194;2020;;4;FALSE;havo;FALSE;economie
300002196;2020;;6;FALSE;mbo;FALSE;economie
300002202;2020;1;;FALSE;havo;FALSE;economie
300002203;2020;;6;FALSE;vwo;FALSE;economie
300002204;2020;;6;FALSE;mbo;FALSE;economie
300002205;2020;;5;TRUE;mbo;FALSE;economie
300002206;2020;;5;TRUE;havo;FALSE;economie
300002208;2020;;4;FALSE;mbo;FALSE;economie
300002212;2020;;6;TRUE;havo;FALSE;economie
300002214;2020;3;;FALSE;onbekend;TRUE;economie
300002216;2020;;5;FALSE;onbekend;FALSE;economie
300002218;2020;;5;FALSE;havo;FALSE;economie
300002221;2020;;6;FALSE;havo;FALSE;economie
300002222;2020;;6;FALSE;mbo;FALSE;economie
300002226;2020;3;;FALSE;havo;FALSE;economie
300002229;2020;;5;FALSE;havo;TRUE;economie
300002230;2020;;4;FALSE;havo;FALSE;economie
300002231;2020;;5;FALSE;havo;FALSE;economie
300002238;2020;;4;FALSE;mbo;TRUE;economie
300002240;2020;;4;FALSE;havo;FALSE;economie
300002244;2020;1;;FALSE;mbo;FALSE;economie
300002246;2020;2;;FALSE;mbo;FALSE;economie
300002253;2021;;5;FALSE;havo;FALSE;economie
300002255;2021;;6;FALSE;mbo;FALSE;economie
300002258;2021;2;;FALSE;vwo;FALSE;economie
300002266;2021;;4;FALSE;mbo;FALSE;economie
300002267;2021;1;;FALSE;mbo;FALSE;economie
300002268;2021;;7;TRUE;mbo;TRUE;economie
300002272;2021;;5;TRUE;mbo;FALSE;economie
300002273;2021;;5;FALSE;mbo;FALSE;economie
300002275;2021;;5;FALSE;havo;FALSE;economie
300002278;2021;3;;FALSE;buitenlands;FALSE;economie
300002282;2021;;4;FALSE;havo;TRUE;economie
300002284;2021;;4;FALSE;mbo;FALSE;economie
300002286;2021;;4;FALSE;havo;FALSE;economie
300002288;2021;;5;FALSE;vwo;FALSE;economie
300002292;2021;;4;FALSE;havo;FALSE;economie
300002295;2021;;4;FALSE;mbo;FALSE;economie
300002296;2021;1;;FALSE;onbekend;FALSE;economie
300002297;2021;2;;FALSE;mbo;FALSE;economie
300002300;2021;;6;FALSE;havo;FALSE;economie
300002301;2021;;6;FALSE;mbo;FALSE;economie
300002303;2021;;4;FALSE;havo;FALSE;economie
300002311;2021;;5;FALSE;mbo;FALSE;economie
300002312;2021;;5;FALSE;mbo;FALSE;economie
300002317;2021;1;;FALSE;vwo;FALSE;economie
300002318;2021;;6;FALSE;havo;FALSE;economie
300002324;2021;1;;FALSE;havo;TRUE;economie
300002332;2021;;4;FALSE;mbo;FALSE;economie
300002340;2021;;4;FALSE;havo;FALSE;economie
300002341;2021;3;;FALSE;onbekend;FALSE;economie
300002350;2021;;5;FALSE;havo;FALSE;economie
300002356;2021;;6;FALSE;vwo;FALSE;economie
300002361;2021;;6;FALSE;mbo;FALSE;economie
300002364;2021;;5;TRUE;mbo;FALSE;economie
300002366;2021;;4;FALSE;havo;FALSE;economie
300002371;2021;;4;FALSE;havo;FALSE;economie
300002377;2021;;6;FALSE;havo;FALSE;economie
300002381;2021;;4;FALSE;mbo;FALSE;economie
300002385;2021;;5;TRUE;havo;FALSE;economie
300002388;2021;;4;FALSE;havo;FALSE;economie
300002389;2021;;4;FALSE;mbo;TRUE;economie
300002390;2021;;4;FALSE;havo;TRUE;economie
300002392;2021;;4;FALSE;onbekend;FALSE;economie
300002394;2021;;4;FALSE;havo;FALSE;economie
300002410;2021;;5;TRUE;mbo;FALSE;economie
300002413;2021;;4;FALSE;onbekend;FALSE;economie
300002417;2021;;6;FALSE;havo;FALSE;economie
300002423;2021;;4;FALSE;havo;FALSE;economie
300002425;2021;;4;FALSE;havo;FALSE;economie
300002427;2021;1;;FALSE;havo;FALSE;economie
300002428;2021;;6;FALSE;onbekend;FALSE;economie
300002431;2021;1;;FALSE;mbo;FALSE;economie
300002436;2021;;5;FALSE;havo;FALSE;economie
300002438;2021;;4;FALSE;havo;FALSE;economie
300002443;2021;;5;FALSE;mbo;FALSE;economie
300002451;2021;;5;FALSE;havo;FALSE;economie
300002455;2021;;5;FALSE;havo;FALSE;economie
300002462;2021;;5;FALSE;buitenlands;FALSE;economie
300002464;2021;;6;FALSE;vwo;TRUE;economie
300002465;2021;2;;FALSE;havo;FALSE;economie
300002473;2021;2;;FALSE;havo;FALSE;economie
300002474;2021;;4;FALSE;havo;FALSE;economie
300002478;2021;;6;FALSE;buitenlands;FALSE;economie
300002480;2021;;4;FALSE;mbo;FALSE;economie
300002482;2021;;5;TRUE;onbekend;FALSE;economie
300002488;2021;;6;FALSE;havo;TRUE;economie
300002490;2021;;5;FALSE;havo;FALSE;economie
300002497;2021;;4;FALSE;mbo;TRUE;economie
300002498;2021;2;;FALSE;havo;FALSE;economie
300002502;2022;2;;FALSE;buitenlands;FALSE;economie
300002503;2022;;5;TRUE;havo;FALSE;economie
300002512;2022;2;;FALSE;mbo;FALSE;economie
300002514;2022;;6;TRUE;vwo;TRUE;economie
300002515;2022;2;;FALSE;havo;FALSE;economie
300002516;2022;;5;TRUE;havo;FALSE;economie
300002520;2022;;4;FALSE;havo;FALSE;economie
300002524;2022;;5;FALSE;vwo;FALSE;economie
300002527;2022;;4;FALSE;mbo;FALSE;economie
300002528;2022;1;;FALSE;havo;FALSE;economie
300002530;2022;;4;FALSE;havo;FALSE;economie
300002533;2022;1;;FALSE;havo;FALSE;economie
300002534;2022;;4;FALSE;mbo;FALSE;economie
300002535;2022;;4;FALSE;havo;FALSE;economie
300002537;2022;;4;FALSE;havo;FALSE;economie
300002543;2022;1;;FALSE;havo;TRUE;economie
300002545;2022;;5;TRUE;havo;TRUE;economie
300002550;2022;;4;FALSE;vwo;FALSE;economie
300002553;2022;;4;FALSE;buitenlands;FALSE;economie
300002555;2022;;6;TRUE;havo;FALSE;economie
300002571;2022;;5;FALSE;mbo;FALSE;economie
300002573;2022;;6;FALSE;havo;FALSE;economie
300002576;2022;;5;FALSE;mbo;FALSE;economie
300002580;2022;;6;FALSE;vwo;FALSE;economie
300002581;2022;;4;FALSE;havo;TRUE;economie
300002582;2022;3;;FALSE;havo;FALSE;economie
300002585;2022;2;;FALSE;vwo;FALSE;economie
300002600;2022;3;;FALSE;havo;FALSE;economie
300002603;2022;;4;FALSE;havo;FALSE;economie
300002612;2022;2;;FALSE;vwo;FALSE;economie
300002620;2022;;4;FALSE;mbo;FALSE;economie
300002621;2022;;4;FALSE;havo;TRUE;economie
300002624;2022;;5;FALSE;buitenlands;FALSE;economie
300002634;2022;;4;FALSE;mbo;FALSE;economie
300002637;2022;;5;FALSE;onbekend;FALSE;economie
300002643;2022;;5;FALSE;mbo;FALSE;economie
300002646;2022;;5;TRUE;mbo;FALSE;economie
300002648;2022;;4;FALSE;mbo;FALSE;economie
300002664;2022;;4;FALSE;mbo;FALSE;economie
300002681;2022;;4;FALSE;havo;FALSE;economie
300002688;2022;1;;FALSE;mbo;FALSE;economie
300002691;2022;2;;FALSE;vwo;FALSE;economie
300002696;2022;1;;FALSE;mbo;FALSE;economie
300002697;2022;3;;FALSE;vwo;FALSE;economie
300002703;2022;;4;FALSE;vwo;FALSE;economie
300002713;2022;;5;FALSE;onbekend;FALSE;economie
300002725;2022;;4;FALSE;havo;FALSE;economie
300002729;2022;;4;FALSE;mbo;FALSE;economie
300002741;2022;2;;FALSE;havo;FALSE;economie
300002744;2022;;5;FALSE;onbekend;FALSE;economie
300002748;2022;;5;FALSE;havo;FALSE;economie
300002754;2023;1;;FALSE;mbo;FALSE;economie
300002757;2023;2;;FALSE;havo;FALSE;economie
300002760;2023;3;;FALSE;vwo;TRUE;economie
300002761;2023;1;;FALSE;buitenlands;FALSE;economie
300002765;2023;3;;FALSE;havo;FALSE;economie
300002768;2023;2;;FALSE;mbo;FALSE;economie
300002769;2023;;4;FALSE;havo;FALSE;economie
300002775;2023;1;;FALSE;mbo;FALSE;economie
300002780;2023;1;;FALSE;havo;FALSE;economie
300002788;2023;;4;FALSE;mbo;FALSE;economie
300002790;2023;;4;FALSE;havo;FALSE;economie
300002792;2023;;4;FALSE;mbo;TRUE;economie
300002798;2023;;4;FALSE;havo;FALSE;economie
300002806;2023;;4;FALSE;havo;FALSE;economie
300002808;2023;;6;TRUE;havo;TRUE;economie
300002815;2023;;6;FALSE;buitenlands;FALSE;economie
300002820;2023;;4;FALSE;mbo;FALSE;economie
300002823;2023;;4;FALSE;vwo;FALSE;economie
300002826;2023;1;;FALSE;buitenlands;FALSE;economie
300002830;2023;1;;FALSE;havo;FALSE;economie
300002832;2023;;5;FALSE;mbo;FALSE;economie
300002833;2023;;4;FALSE;vwo;FALSE;economie
300002839;2023;;6;FALSE;havo;FALSE;economie
300002844;2023;1;;FALSE;mbo;FALSE;economie
300002845;2023;;4;FALSE;vwo;TRUE;economie
300002850;2023;;6;FALSE;mbo;TRUE;economie
300002856;2023;;4;FALSE;mbo;FALSE;economie
300002857;2023;1;;FALSE;vwo;TRUE;economie
300002858;2023;1;;FALSE;mbo;FALSE;economie
300002861;2023;;4;FALSE;havo;FALSE;economie
300002862;2023;1;;FALSE;mbo;FALSE;economie
300002871;2023;;4;FALSE;havo;FALSE;economie
300002873;2023;;4;FALSE;buitenlands;FALSE;economie
300002876;2023;;4;FALSE;mbo;TRUE;economie
300002883;2023;;5;FALSE;vwo;FALSE;economie
300002895;2023;;4;FALSE;havo;FALSE;economie
300002896;2023;1;;FALSE;havo;FALSE;economie
300002898;2023;;5;TRUE;mbo;FALSE;economie
300002900;2023;;5;FALSE;mbo;FALSE;economie
300002901;2023;;6;FALSE;havo;FALSE;economie
300002902;2023;1;;FALSE;mbo;FALSE;economie
300002903;2023;;5;FALSE;mbo;TRUE;economie
300002905;2023;1;;FALSE;havo;TRUE;economie
300002909;2023;;5;FALSE;havo;FALSE;economie
300002915;2023;;4;FALSE;havo;FALSE;economie
300002920;2023;;7;TRUE;havo;FALSE;economie
300002921;2023;;6;FALSE;onbekend;FALSE;economie
300002928;2023;;5;FALSE;mbo;FALSE;economie
300002942;2023;;6;FALSE;vwo;FALSE;economie
300002950;2023;;5;FALSE;vwo;FALSE;economie
300002951;2023;;4;FALSE;havo;FALSE;economie
300002952;2023;1;;FALSE;vwo;FALSE;economie
300002955;2023;1;;FALSE;mbo;FALSE;economie
300002956;2023;1;;FALSE;havo;FALSE;economie
300002962;2023;;5;TRUE;havo;FALSE;economie
300002965;2023;;4;FALSE;onbekend;FALSE;economie
300002966;2023;;6;FALSE;havo;FALSE;economie
300002968;2023;;4;FALSE;vwo;FALSE;economie
300002969;2023;;4;FALSE;mbo;FALSE;economie
300002975;2023;3;;FALSE;vwo;FALSE;economie
300002982;2023;;5;FALSE;vwo;FALSE;economie
300002990;2023;;5;FALSE;vwo;FALSE;economie
300002996;2023;3;;FALSE;mbo;FALSE;economie
